IR;BPM;AVG BPM;MILLIS
45664;0.00;0;35
50648;0.00;0;55
54975;0.00;0;75
57234;0.00;0;95
56021;0.00;0;115
43192;0.00;0;135
34899;0.00;0;155
30580;0.00;0;176
25098;0.00;0;196
22078;0.00;0;216
24950;0.00;0;236
37443;0.00;0;256
60992;0.00;0;276
77327;0.00;0;296
79444;0.00;0;316
77579;0.00;0;336
79830;0.00;0;356
85804;0.00;0;376
88850;0.00;0;396
89925;0.00;0;416
90366;0.00;0;436
90717;0.00;0;456
90672;0.00;0;476
90767;0.00;0;496
91840;0.00;0;516
92759;0.00;0;537
93482;0.00;0;557
94142;0.00;0;577
94654;0.00;0;597
95155;0.00;0;617
95762;0.00;0;637
96515;0.00;0;657
97241;0.00;0;677
97916;0.00;0;697
98528;0.00;0;717
99115;0.00;0;737
99568;0.00;0;757
99924;0.00;0;777
100215;0.00;0;797
100493;0.00;0;817
100750;0.00;0;837
100988;0.00;0;857
101309;0.00;0;877
101669;0.00;0;898
101948;0.00;0;918
102123;0.00;0;938
102262;0.00;0;958
102395;0.00;0;978
102537;0.00;0;998
102835;0.00;0;1018
103146;0.00;0;1038
103310;0.00;0;1058
103412;0.00;0;1078
103478;0.00;0;1098
103487;0.00;0;1118
103484;0.00;0;1138
103502;0.00;0;1158
103520;0.00;0;1178
103512;0.00;0;1198
103491;0.00;0;1218
103477;0.00;0;1238
103477;0.00;0;1259
103478;0.00;0;1279
103455;0.00;0;1299
103390;0.00;0;1319
103297;0.00;0;1339
103115;0.00;0;1359
102906;0.00;0;1379
102741;0.00;0;1399
102523;0.00;0;1419
102562;0.00;0;1439
102676;0.00;0;1459
102677;0.00;0;1479
102645;0.00;0;1499
102615;0.00;0;1519
102574;0.00;0;1539
102496;0.00;0;1559
102360;0.00;0;1579
102202;0.00;0;1599
102154;0.00;0;1620
102242;0.00;0;1640
102434;0.00;0;1660
102525;0.00;0;1680
102505;0.00;0;1700
102433;0.00;0;1720
102420;0.00;0;1740
102470;0.00;0;1760
102536;0.00;0;1780
102667;0.00;0;1800
102794;0.00;0;1820
102814;0.00;0;1840
102766;0.00;0;1860
102659;0.00;0;1880
102510;0.00;0;1900
102391;0.00;0;1920
102348;0.00;0;1940
102348;0.00;0;1960
102388;0.00;0;1981
102490;0.00;0;2001
102596;0.00;0;2021
102669;0.00;0;2041
102735;0.00;0;2061
102761;0.00;0;2081
102804;0.00;0;2101
102836;0.00;0;2121
102814;0.00;0;2141
102837;0.00;0;2161
102939;0.00;0;2181
103004;0.00;0;2201
103035;0.00;0;2221
103040;0.00;0;2241
103014;0.00;0;2261
102998;0.00;0;2281
102999;0.00;0;2301
103003;0.00;0;2321
103016;0.00;0;2342
103068;0.00;0;2362
103088;0.00;0;2382
103064;0.00;0;2402
102973;0.00;0;2422
102799;0.00;0;2442
102641;0.00;0;2462
102595;0.00;0;2482
102555;0.00;0;2502
102593;0.00;0;2522
102671;0.00;0;2542
102739;0.00;0;2562
102821;0.00;0;2582
102917;0.00;0;2602
102961;0.00;0;2622
102985;0.00;0;2642
102975;0.00;0;2662
102978;0.00;0;2682
102963;0.00;0;2703
102966;0.00;0;2723
102956;0.00;0;2743
102943;0.00;0;2763
102935;0.00;0;2783
102918;0.00;0;2803
102941;0.00;0;2823
103001;0.00;0;2843
102993;0.00;0;2863
102986;0.00;0;2883
103011;0.00;0;2903
103048;0.00;0;2923
103069;0.00;0;2943
103074;0.00;0;2963
103027;0.00;0;2983
102932;0.00;0;3003
102756;0.00;0;3023
102631;0.00;0;3043
102591;0.00;0;3063
102611;0.00;0;3084
102667;0.00;0;3104
102713;0.00;0;3124
102787;0.00;0;3144
102832;0.00;0;3164
102868;0.00;0;3184
102939;0.00;0;3204
102944;0.00;0;3224
102921;0.00;0;3244
102919;0.00;0;3264
102892;0.00;0;3284
102850;0.00;0;3304
102856;0.00;0;3324
102868;0.00;0;3344
102900;0.00;0;3364
102939;0.00;0;3384
102958;0.00;0;3404
102944;0.00;0;3424
102956;0.00;0;3445
102991;17.32;0;3465
103028;17.32;0;3485
103023;17.32;0;3505
102989;17.32;0;3525
102967;17.32;0;3545
102972;17.32;0;3565
102888;17.32;0;3585
102684;17.32;0;3605
102540;17.32;0;3625
102454;17.32;0;3645
102430;17.32;0;3665
102472;17.32;0;3685
102530;17.32;0;3705
102584;17.32;0;3725
102607;17.32;0;3745
102660;17.32;0;3765
102727;17.32;0;3785
102797;17.32;0;3806
102824;17.32;0;3826
102810;17.32;0;3846
102773;17.32;0;3866
102716;17.32;0;3886
102712;17.32;0;3906
102774;17.32;0;3926
102780;17.32;0;3946
102785;17.32;0;3966
102832;17.32;0;3986
102870;17.32;0;4006
102910;17.32;0;4026
102931;17.32;0;4046
102945;17.32;0;4066
102955;17.32;0;4086
102984;93.60;23;4106
103021;93.60;23;4126
103034;93.60;23;4146
102989;93.60;23;4167
102875;93.60;23;4187
102665;93.60;23;4207
102522;93.60;23;4227
102415;93.60;23;4247
102440;93.60;23;4267
102498;93.60;23;4287
102501;93.60;23;4307
102578;93.60;23;4327
102682;93.60;23;4347
102797;93.60;23;4367
102868;93.60;23;4387
102881;93.60;23;4407
102854;93.60;23;4427
102836;93.60;23;4447
102820;93.60;23;4467
102776;93.60;23;4487
102743;93.60;23;4508
102744;93.60;23;4528
102764;93.60;23;4548
102820;93.60;23;4568
102824;93.60;23;4588
102791;93.60;23;4608
102786;93.60;23;4628
102829;110.70;50;4648
102812;110.70;50;4668
102811;110.70;50;4688
102833;110.70;50;4708
102863;110.70;50;4728
102879;110.70;50;4748
102868;110.70;50;4768
102793;110.70;50;4788
102621;110.70;50;4808
102455;110.70;50;4828
102314;110.70;50;4848
102278;110.70;50;4869
102291;110.70;50;4889
102364;110.70;50;4909
102423;110.70;50;4929
102440;110.70;50;4949
102458;110.70;50;4969
102513;110.70;50;4989
102577;110.70;50;5009
102586;110.70;50;5029
102585;110.70;50;5049
102563;110.70;50;5069
102540;110.70;50;5089
102533;110.70;50;5109
102529;110.70;50;5129
102536;110.70;50;5149
102551;110.70;50;5169
102578;110.70;50;5189
102582;110.70;50;5209
102595;110.70;50;5230
102602;110.70;50;5250
102629;110.70;50;5270
102660;110.70;50;5290
102629;110.70;50;5310
102613;110.70;50;5330
102632;110.70;50;5350
102609;110.70;50;5370
102595;110.70;50;5390
102576;110.70;50;5410
102460;110.70;50;5430
102244;110.70;50;5450
102090;110.70;50;5470
102027;110.70;50;5490
102026;110.70;50;5510
102062;110.70;50;5530
102116;110.70;50;5550
102180;110.70;50;5571
102217;110.70;50;5591
102280;110.70;50;5611
102357;110.70;50;5631
102381;110.70;50;5651
102321;110.70;50;5671
102288;110.70;50;5691
102293;110.70;50;5711
102244;110.70;50;5731
102254;110.70;50;5751
102284;110.70;50;5771
102329;110.70;50;5791
102396;110.70;50;5811
102423;110.70;50;5831
102422;110.70;50;5851
102424;110.70;50;5871
102428;110.70;50;5891
102455;110.70;50;5911
102484;110.70;50;5932
102518;110.70;50;5952
102535;110.70;50;5972
102549;110.70;50;5992
102545;110.70;50;6012
102533;43.35;61;6032
102524;43.35;61;6052
102398;43.35;61;6072
102109;43.35;61;6092
101930;43.35;61;6112
101884;43.35;61;6132
101883;43.35;61;6152
101926;43.35;61;6172
101981;43.35;61;6192
102065;43.35;61;6212
102153;43.35;61;6232
102235;43.35;61;6252
102295;43.35;61;6272
102328;43.35;61;6293
102348;43.35;61;6313
102368;43.35;61;6333
102378;43.35;61;6353
102319;43.35;61;6373
102270;43.35;61;6393
102262;43.35;61;6413
102258;43.35;61;6433
102250;43.35;61;6453
102302;43.35;61;6473
102372;43.35;61;6493
102366;43.35;61;6513
102398;43.35;61;6533
102441;43.35;61;6553
102498;110.91;89;6573
102509;110.91;89;6593
102510;110.91;89;6613
102514;110.91;89;6633
102541;110.91;89;6654
102623;110.91;89;6674
102640;110.91;89;6694
102576;110.91;89;6714
102385;110.91;89;6734
102172;110.91;89;6754
102039;110.91;89;6774
102000;110.91;89;6794
101994;110.91;89;6814
102061;110.91;89;6834
102149;110.91;89;6854
102226;110.91;89;6874
102285;110.91;89;6894
102326;110.91;89;6914
102357;110.91;89;6934
102398;110.91;89;6954
102412;110.91;89;6974
102381;110.91;89;6994
102385;110.91;89;7015
102388;110.91;89;7035
102404;110.91;89;7055
102418;110.91;89;7075
102384;110.91;89;7095
102392;110.91;89;7115
102441;110.91;89;7135
102440;110.91;89;7155
102442;99.67;90;7175
102455;99.67;90;7195
102485;99.67;90;7215
102537;99.67;90;7235
102597;99.67;90;7255
102609;99.67;90;7275
102640;99.67;90;7295
102656;99.67;90;7315
102648;99.67;90;7335
102602;99.67;90;7355
102445;99.67;90;7376
102233;99.67;90;7396
102067;99.67;90;7416
102025;99.67;90;7436
101994;99.67;90;7456
102036;99.67;90;7476
102152;99.67;90;7496
102216;99.67;90;7516
102290;99.67;90;7536
102368;99.67;90;7556
102435;99.67;90;7576
102473;99.67;90;7596
102492;99.67;90;7616
102445;99.67;90;7636
102414;99.67;90;7656
102409;99.67;90;7676
102418;99.67;90;7696
102422;99.67;90;7717
102452;99.67;90;7737
102491;99.67;90;7757
102505;99.67;90;7777
102511;99.67;90;7797
102509;93.46;86;7817
102536;93.46;86;7837
102580;93.46;86;7857
102560;93.46;86;7877
102580;93.46;86;7897
102619;93.46;86;7917
102637;93.46;86;7937
102691;93.46;86;7957
102730;93.46;86;7977
102699;93.46;86;7997
102585;93.46;86;8017
102381;93.46;86;8037
102177;93.46;86;8057
102066;93.46;86;8078
102053;93.46;86;8098
102086;93.46;86;8118
102153;93.46;86;8138
102209;93.46;86;8158
102256;93.46;86;8178
102297;93.46;86;8198
102339;93.46;86;8218
102357;93.46;86;8238
102394;93.46;86;8258
102426;93.46;86;8278
102425;93.46;86;8298
102405;93.46;86;8318
102403;93.46;86;8338
102423;93.46;86;8358
102438;93.46;86;8378
102470;93.46;86;8398
102481;93.46;86;8418
102509;93.46;86;8439
102530;93.46;86;8459
102561;93.46;86;8479
102583;93.46;86;8499
102590;85.47;96;8519
102583;85.47;96;8539
102618;85.47;96;8559
102648;85.47;96;8579
102641;85.47;96;8599
102658;85.47;96;8619
102704;85.47;96;8639
102725;85.47;96;8659
102647;85.47;96;8679
102466;85.47;96;8699
102250;85.47;96;8719
102119;85.47;96;8739
102077;85.47;96;8759
102129;85.47;96;8779
102231;85.47;96;8800
102317;85.47;96;8820
102381;85.47;96;8840
102432;85.47;96;8860
102479;85.47;96;8880
102527;85.47;96;8900
102542;85.47;96;8920
102555;85.47;96;8940
102515;85.47;96;8960
102474;85.47;96;8980
102455;85.47;96;9000
102445;85.47;96;9020
102457;85.47;96;9040
102473;85.47;96;9060
102480;85.47;96;9080
102520;85.47;96;9100
102537;85.47;96;9120
102534;96.62;93;9140
102562;96.62;93;9161
102610;96.62;93;9181
102623;96.62;93;9201
102610;96.62;93;9221
102623;96.62;93;9241
102642;96.62;93;9261
102664;96.62;93;9281
102713;96.62;93;9301
102647;96.62;93;9321
102476;96.62;93;9341
102289;96.62;93;9361
102104;96.62;93;9381
102067;96.62;93;9401
102100;96.62;93;9421
102157;96.62;93;9441
102233;96.62;93;9461
102270;96.62;93;9481
102345;96.62;93;9501
102437;96.62;93;9522
102497;96.62;93;9542
102527;96.62;93;9562
102524;96.62;93;9582
102494;96.62;93;9602
102424;96.62;93;9622
102399;96.62;93;9642
102404;96.62;93;9662
102356;96.62;93;9682
102361;96.62;93;9702
102374;96.62;93;9722
102416;96.62;93;9742
102462;96.62;93;9762
102505;96.62;93;9782
102539;96.62;93;9802
102566;96.62;93;9822
102614;85.47;89;9842
102643;85.47;89;9862
102678;85.47;89;9882
102704;85.47;89;9903
102756;85.47;89;9923
102765;85.47;89;9943
102641;85.47;89;9963
102361;85.47;89;9983
102141;85.47;89;10003
102053;85.47;89;10023
101989;85.47;89;10043
102007;85.47;89;10063
102083;85.47;89;10083
102164;85.47;89;10103
102281;85.47;89;10123
102373;85.47;89;10143
102422;85.47;89;10163
102452;85.47;89;10183
102488;85.47;89;10203
102527;85.47;89;10223
102536;85.47;89;10243
102505;85.47;89;10264
102475;85.47;89;10284
102484;85.47;89;10304
102502;85.47;89;10324
102452;85.47;89;10344
102459;85.47;89;10364
102510;85.47;89;10384
102483;85.47;89;10404
102459;103.09;92;10424
102487;103.09;92;10444
102497;103.09;92;10464
102500;103.09;92;10484
102513;103.09;92;10504
102519;103.09;92;10524
102535;103.09;92;10544
102543;103.09;92;10564
102515;103.09;92;10584
102362;103.09;92;10604
102132;103.09;92;10625
101996;103.09;92;10645
101943;103.09;92;10665
101957;103.09;92;10685
101917;103.09;92;10705
101972;103.09;92;10725
102103;103.09;92;10745
102139;103.09;92;10765
102153;103.09;92;10785
102225;103.09;92;10805
102293;103.09;92;10825
102342;103.09;92;10845
102350;103.09;92;10865
102305;103.09;92;10885
102274;103.09;92;10905
102280;103.09;92;10925
102304;103.09;92;10945
102303;103.09;92;10965
102330;103.09;92;10986
102352;103.09;92;11006
102376;103.09;92;11026
102395;103.09;92;11046
102386;103.09;92;11066
102399;103.09;92;11086
102436;103.09;92;11106
102437;85.47;92;11126
102463;85.47;92;11146
102495;85.47;92;11166
102521;85.47;92;11186
102527;85.47;92;11206
102436;85.47;92;11226
102174;85.47;92;11246
101966;85.47;92;11266
101888;85.47;92;11286
101891;85.47;92;11306
101924;85.47;92;11326
101982;85.47;92;11347
102047;85.47;92;11367
102131;85.47;92;11387
102220;85.47;92;11407
102233;85.47;92;11427
102243;85.47;92;11447
102293;85.47;92;11467
102249;85.47;92;11487
102204;85.47;92;11507
102170;85.47;92;11527
102197;85.47;92;11547
102219;85.47;92;11567
102263;85.47;92;11587
102272;85.47;92;11607
102296;85.47;92;11627
102346;85.47;92;11647
102364;85.47;92;11667
102419;85.47;92;11687
102461;85.47;92;11708
102472;85.47;92;11728
102475;96.46;92;11748
102507;96.46;92;11768
102498;96.46;92;11788
102499;96.46;92;11808
102512;96.46;92;11828
102428;96.46;92;11848
102207;96.46;92;11868
101973;96.46;92;11888
101891;96.46;92;11908
101886;96.46;92;11928
101925;96.46;92;11948
101985;96.46;92;11968
102073;96.46;92;11988
102169;96.46;92;12008
102254;96.46;92;12028
102309;96.46;92;12048
102334;96.46;92;12069
102351;96.46;92;12089
102344;96.46;92;12109
102335;96.46;92;12129
102250;96.46;92;12149
102241;96.46;92;12169
102271;96.46;92;12189
102243;96.46;92;12209
102264;96.46;92;12229
102305;96.46;92;12249
102339;96.46;92;12269
102359;96.46;92;12289
102388;106.95;97;12309
102382;106.95;97;12329
102401;106.95;97;12349
102426;106.95;97;12369
102430;106.95;97;12389
102435;106.95;97;12410
102445;106.95;97;12430
102432;106.95;97;12450
102309;106.95;97;12470
102056;106.95;97;12490
101867;106.95;97;12510
101843;106.95;97;12530
101866;106.95;97;12550
101883;106.95;97;12570
101923;106.95;97;12590
102037;106.95;97;12610
102120;106.95;97;12630
102193;106.95;97;12650
102284;106.95;97;12670
102358;106.95;97;12690
102407;106.95;97;12710
102402;106.95;97;12730
102384;106.95;97;12750
102372;106.95;97;12771
102381;106.95;97;12791
102404;106.95;97;12811
102435;106.95;97;12831
102439;106.95;97;12851
102425;106.95;97;12871
102419;106.95;97;12891
102417;99.67;96;12911
102386;99.67;96;12931
102419;99.67;96;12951
102476;99.67;96;12971
102495;99.67;96;12991
102538;99.67;96;13011
102572;99.67;96;13031
102568;99.67;96;13051
102543;99.67;96;13071
102441;99.67;96;13091
102279;99.67;96;13111
102075;99.67;96;13132
101960;99.67;96;13152
101966;99.67;96;13172
102041;99.67;96;13192
102115;99.67;96;13212
102145;99.67;96;13232
102180;99.67;96;13252
102209;99.67;96;13272
102217;99.67;96;13292
102274;99.67;96;13312
102320;99.67;96;13332
102298;99.67;96;13352
102270;99.67;96;13372
102255;99.67;96;13392
102262;99.67;96;13412
102268;99.67;96;13432
102320;99.67;96;13452
102395;99.67;96;13472
102469;99.67;96;13493
102547;99.67;96;13513
102578;99.67;96;13533
102585;99.67;96;13553
102598;99.67;96;13573
102597;87.98;97;13593
102605;87.98;97;13613
102622;87.98;97;13633
102563;87.98;97;13653
102562;87.98;97;13673
102609;87.98;97;13693
102618;87.98;97;13713
102528;87.98;97;13733
102338;87.98;97;13753
102181;87.98;97;13773
102117;87.98;97;13793
102071;87.98;97;13813
102101;87.98;97;13833
102155;87.98;97;13854
102219;87.98;97;13874
102284;87.98;97;13894
102328;87.98;97;13914
102339;87.98;97;13934
102337;87.98;97;13954
102345;87.98;97;13974
102353;87.98;97;13994
102287;87.98;97;14014
102269;87.98;97;14034
102310;87.98;97;14054
102319;87.98;97;14074
102314;87.98;97;14094
102340;87.98;97;14114
102370;87.98;97;14134
102376;87.98;97;14154
102385;87.98;97;14174
102414;87.98;97;14194
102455;87.98;97;14215
102450;87.98;97;14235
102425;87.98;97;14255
102411;87.98;97;14275
102432;85.47;94;14295
102447;85.47;94;14315
102498;85.47;94;14335
102489;85.47;94;14355
102338;85.47;94;14375
102143;85.47;94;14395
101981;85.47;94;14415
101883;85.47;94;14435
101879;85.47;94;14455
101939;85.47;94;14475
101986;85.47;94;14495
102047;85.47;94;14515
102112;85.47;94;14535
102203;85.47;94;14555
102240;85.47;94;14576
102242;85.47;94;14596
102258;85.47;94;14616
102274;85.47;94;14636
102246;85.47;94;14656
102151;85.47;94;14676
102150;85.47;94;14696
102198;85.47;94;14716
102185;85.47;94;14736
102197;85.47;94;14756
102265;85.47;94;14776
102351;85.47;94;14796
102392;85.47;94;14816
102407;85.47;94;14836
102426;85.47;94;14856
102446;85.47;94;14876
102452;85.47;94;14896
102457;96.62;91;14916
102476;96.62;91;14937
102498;96.62;91;14957
102492;96.62;91;14977
102402;96.62;91;14997
102172;96.62;91;15017
101923;96.62;91;15037
101828;96.62;91;15057
101827;96.62;91;15077
101825;96.62;91;15097
101847;96.62;91;15117
101928;96.62;91;15137
102002;96.62;91;15157
102052;96.62;91;15177
102081;96.62;91;15197
102116;96.62;91;15217
102125;96.62;91;15237
102102;96.62;91;15257
102066;96.62;91;15277
102056;96.62;91;15298
102055;96.62;91;15318
102046;96.62;91;15338
102099;96.62;91;15358
102169;96.62;91;15378
102191;96.62;91;15398
102205;96.62;91;15418
102240;96.62;91;15438
102233;96.62;91;15458
102221;96.62;91;15478
102273;96.62;91;15498
102309;96.62;91;15518
102327;96.62;91;15538
102325;96.62;91;15558
102340;90.63;89;15578
102377;90.63;89;15598
102411;90.63;89;15618
102391;90.63;89;15638
102229;90.63;89;15659
102035;90.63;89;15679
101893;90.63;89;15699
101802;90.63;89;15719
101746;90.63;89;15739
101750;90.63;89;15759
101798;90.63;89;15779
101810;90.63;89;15799
101787;90.63;89;15819
101843;90.63;89;15839
101939;90.63;89;15859
101984;90.63;89;15879
102011;90.63;89;15899
102019;90.63;89;15919
102025;90.63;89;15939
102003;90.63;89;15959
101982;90.63;89;15979
102000;90.63;89;15999
102025;90.63;89;16020
102065;90.63;89;16040
102089;90.63;89;16060
102097;90.63;89;16080
102117;90.63;89;16100
102149;90.63;89;16120
102183;90.63;89;16140
102180;90.63;89;16160
102168;90.63;89;16180
102213;90.63;89;16200
102257;90.63;89;16220
102238;90.63;90;16240
102206;90.63;90;16260
102157;90.63;90;16280
102054;90.63;90;16300
101909;90.63;90;16320
101754;90.63;90;16340
101644;90.63;90;16360
101621;90.63;90;16381
101675;90.63;90;16401
101779;90.63;90;16421
101857;90.63;90;16441
101892;90.63;90;16461
101968;90.63;90;16481
102070;90.63;90;16501
102138;90.63;90;16521
102158;90.63;90;16541
102147;90.63;90;16561
102153;90.63;90;16581
102125;90.63;90;16601
102120;90.63;90;16621
102143;90.63;90;16641
102152;90.63;90;16661
102186;90.63;90;16681
102212;90.63;90;16701
102232;90.63;90;16721
102244;119.52;98;16742
102256;119.52;98;16762
102279;119.52;98;16782
102330;119.52;98;16802
102388;119.52;98;16822
102358;119.52;98;16842
102382;119.52;98;16862
102420;119.52;98;16882
102434;119.52;98;16902
102433;119.52;98;16922
102392;119.52;98;16942
102262;119.52;98;16962
102047;119.52;98;16982
101917;119.52;98;17002
101864;119.52;98;17022
101866;119.52;98;17042
101918;119.52;98;17062
102005;119.52;98;17082
102077;119.52;98;17103
102131;119.52;98;17123
102170;119.52;98;17143
102171;119.52;98;17163
102190;119.52;98;17183
102122;119.52;98;17203
102084;119.52;98;17223
102080;119.52;98;17243
102033;119.52;98;17263
102045;119.52;98;17283
102110;119.52;98;17303
102176;119.52;98;17323
102230;119.52;98;17343
102266;119.52;98;17363
102296;119.52;98;17383
102318;119.52;98;17403
102324;119.52;98;17423
102331;119.52;98;17443
102328;119.52;98;17463
102331;80.86;94;17484
102370;80.86;94;17504
102420;80.86;94;17524
102451;80.86;94;17544
102412;80.86;94;17564
102380;80.86;94;17584
102296;80.86;94;17604
102062;80.86;94;17624
101867;80.86;94;17644
101832;80.86;94;17664
101865;80.86;94;17684
101897;80.86;94;17704
101927;80.86;94;17724
101988;80.86;94;17744
102074;80.86;94;17764
102154;80.86;94;17784
102218;80.86;94;17804
102275;80.86;94;17824
102296;80.86;94;17845
102286;80.86;94;17865
102264;80.86;94;17885
102258;80.86;94;17905
102242;80.86;94;17925
102233;80.86;94;17945
102245;80.86;94;17965
102251;80.86;94;17985
102264;80.86;94;18005
102350;80.86;94;18025
102416;106.95;98;18045
102425;106.95;98;18065
102475;106.95;98;18085
102523;106.95;98;18105
102554;106.95;98;18125
102579;106.95;98;18145
102608;106.95;98;18165
102628;106.95;98;18185
102628;106.95;98;18206
102561;106.95;98;18226
102417;106.95;98;18246
102234;106.95;98;18266
102045;106.95;98;18286
101933;106.95;98;18306
101918;106.95;98;18326
101982;106.95;98;18346
102005;106.95;98;18366
102061;106.95;98;18386
102155;106.95;98;18406
102211;106.95;98;18426
102288;106.95;98;18446
102327;106.95;98;18466
102350;106.95;98;18486
102354;106.95;98;18506
102337;106.95;98;18526
102332;106.95;98;18546
102301;106.95;98;18567
102306;106.95;98;18587
102358;106.95;98;18607
102383;106.95;98;18627
102378;106.95;98;18647
102352;106.95;98;18667
102378;106.95;98;18687
102426;90.63;98;18707
102393;90.63;98;18727
102404;90.63;98;18747
102477;90.63;98;18767
102526;90.63;98;18787
102539;90.63;98;18807
102563;90.63;98;18827
102589;90.63;98;18847
102578;90.63;98;18867
102476;90.63;98;18887
102283;90.63;98;18907
102061;90.63;98;18927
101944;90.63;98;18948
101933;90.63;98;18968
101982;90.63;98;18988
102071;90.63;98;19008
102102;90.63;98;19028
102158;90.63;98;19048
102217;90.63;98;19068
102240;90.63;98;19088
102262;90.63;98;19108
102288;90.63;98;19128
102277;90.63;98;19148
102245;90.63;98;19168
102198;90.63;98;19188
102186;90.63;98;19208
102222;90.63;98;19228
102272;90.63;98;19248
102305;90.63;98;19268
102326;90.63;98;19288
102340;90.63;98;19309
102386;90.63;98;19329
102421;90.63;98;19349
102442;90.63;98;19369
102419;90.63;98;19389
102407;90.63;98;19409
102457;83.10;89;19429
102460;83.10;89;19449
102429;83.10;89;19469
102402;83.10;89;19489
102331;83.10;89;19509
102134;83.10;89;19529
101979;83.10;89;19549
101910;83.10;89;19569
101929;83.10;89;19589
101985;83.10;89;19609
102060;83.10;89;19629
102156;83.10;89;19649
102234;83.10;89;19670
102275;83.10;89;19690
102315;83.10;89;19710
102333;83.10;89;19730
102304;83.10;89;19750
102244;83.10;89;19770
102204;83.10;89;19790
102166;83.10;89;19810
102142;83.10;89;19830
102162;83.10;89;19850
102245;83.10;89;19870
102317;83.10;89;19890
102358;83.10;89;19910
102377;83.10;89;19930
102378;83.10;89;19950
102414;83.10;89;19970
102431;83.10;89;19990
102436;103.27;95;20010
102459;103.27;95;20031
102484;103.27;95;20051
102532;103.27;95;20071
102579;103.27;95;20091
102491;103.27;95;20111
102266;103.27;95;20131
102047;103.27;95;20151
101945;103.27;95;20171
101891;103.27;95;20191
101883;103.27;95;20211
101921;103.27;95;20231
101969;103.27;95;20251
102081;103.27;95;20271
102136;103.27;95;20291
102200;103.27;95;20311
102290;103.27;95;20331
102347;103.27;95;20351
102374;103.27;95;20371
102349;103.27;95;20392
102349;103.27;95;20412
102338;103.27;95;20432
102335;103.27;95;20452
102301;103.27;95;20472
102271;103.27;95;20492
102319;103.27;95;20512
102343;103.27;95;20532
102316;103.27;95;20552
102335;106.76;95;20572
102404;106.76;95;20592
102464;106.76;95;20612
102488;106.76;95;20632
102467;106.76;95;20652
102490;106.76;95;20672
102529;106.76;95;20692
102559;106.76;95;20712
102462;106.76;95;20733
102291;106.76;95;20753
102113;106.76;95;20773
101988;106.76;95;20793
101941;106.76;95;20813
101942;106.76;95;20833
101981;106.76;95;20853
102021;106.76;95;20873
102046;106.76;95;20893
102111;106.76;95;20913
102151;106.76;95;20933
102188;106.76;95;20953
102234;106.76;95;20973
102279;106.76;95;20993
102297;106.76;95;21013
102259;106.76;95;21033
102231;106.76;95;21053
102282;106.76;95;21074
102321;106.76;95;21094
102341;106.76;95;21114
102353;106.76;95;21134
102339;106.76;95;21154
102356;106.76;95;21174
102404;106.76;95;21194
102404;106.76;95;21214
102416;90.63;95;21234
102476;90.63;95;21254
102524;90.63;95;21274
102555;90.63;95;21294
102591;90.63;95;21314
102586;90.63;95;21334
102459;90.63;95;21354
102273;90.63;95;21374
102077;90.63;95;21394
102015;90.63;95;21415
102055;90.63;95;21435
102096;90.63;95;21455
102154;90.63;95;21475
102212;90.63;95;21495
102225;90.63;95;21515
102245;90.63;95;21535
102287;90.63;95;21555
102259;90.63;95;21575
102282;90.63;95;21595
102336;90.63;95;21615
102318;90.63;95;21635
102305;90.63;95;21655
102313;90.63;95;21675
102343;90.63;95;21695
102375;90.63;95;21715
102410;90.63;95;21735
102453;90.63;95;21755
102446;90.63;95;21776
102442;90.63;95;21796
102484;90.63;95;21816
102511;99.67;99;21836
102489;99.67;99;21856
102465;99.67;99;21876
102477;99.67;99;21896
102471;99.67;99;21916
102473;99.67;99;21936
102463;99.67;99;21956
102339;99.67;99;21976
102172;99.67;99;21996
102121;99.67;99;22016
102114;99.67;99;22036
102180;99.67;99;22056
102241;99.67;99;22076
102285;99.67;99;22096
102323;99.67;99;22117
102407;99.67;99;22137
102507;99.67;99;22157
102555;99.67;99;22177
102562;99.67;99;22197
102487;99.67;99;22217
102513;99.67;99;22237
102546;99.67;99;22257
102453;99.67;99;22277
102439;99.67;99;22297
102510;99.67;99;22317
102515;119.76;103;22337
102528;119.76;103;22357
102568;119.76;103;22377
102608;119.76;103;22397
102614;119.76;103;22417
102581;119.76;103;22437
102552;119.76;103;22457
102544;119.76;103;22478
102499;119.76;103;22498
102382;119.76;103;22518
102197;119.76;103;22538
101983;119.76;103;22558
101764;119.76;103;22578
101011;119.76;103;22598
95713;119.76;103;22618
51952;119.76;103;22638
5834;119.76;103;22658
2726;119.76;103;22678
2580;119.76;103;22698
2482;119.76;103;22718
1969;119.76;103;22738
1507;119.76;103;22758
1267;119.76;103;22778
1111;119.76;103;22798
1007;119.76;103;22819
939;119.76;103;22839
903;119.76;103;22859
881;119.76;103;22879
866;119.76;103;22899
862;119.76;103;22919
866;119.76;103;22939
868;119.76;103;22959
870;119.76;103;22979
882;119.76;103;22999
892;119.76;103;23019
907;119.76;103;23039
908;119.76;103;23059
909;119.76;103;23079
923;119.76;103;23099
927;119.76;103;23119
933;119.76;103;23139
933;119.76;103;23160
932;119.76;103;23180
914;119.76;103;23200
895;119.76;103;23220
880;119.76;103;23240
875;119.76;103;23260
879;119.76;103;23280
888;119.76;103;23300
894;119.76;103;23320
903;119.76;103;23340
912;119.76;103;23360
918;119.76;103;23380
912;119.76;103;23400
913;119.76;103;23420
913;119.76;103;23440
916;119.76;103;23460
904;119.76;103;23480
910;119.76;103;23500
903;119.76;103;23521
899;119.76;103;23541
900;119.76;103;23561
900;119.76;103;23581
894;119.76;103;23601
886;119.76;103;23621
893;119.76;103;23641
892;119.76;103;23661
903;119.76;103;23681
909;119.76;103;23701
915;119.76;103;23721
925;119.76;103;23741
927;119.76;103;23761
917;119.76;103;23781
915;119.76;103;23801
916;119.76;103;23821
896;119.76;103;23841
895;119.76;103;23862
896;119.76;103;23882
890;119.76;103;23902
897;119.76;103;23922
885;119.76;103;23942
889;119.76;103;23962
887;119.76;103;23982
898;119.76;103;24002
893;119.76;103;24022
900;119.76;103;24042
918;119.76;103;24062
913;119.76;103;24082
917;119.76;103;24102
917;119.76;103;24122
909;119.76;103;24142
906;119.76;103;24162
898;119.76;103;24182
893;119.76;103;24202
898;119.76;103;24223
899;119.76;103;24243
890;119.76;103;24263
886;119.76;103;24283
888;119.76;103;24303
888;119.76;103;24323
894;119.76;103;24343
889;119.76;103;24363
893;119.76;103;24383
902;119.76;103;24403
911;119.76;103;24423
915;119.76;103;24443
912;119.76;103;24463
905;119.76;103;24483
903;119.76;103;24503
906;119.76;103;24523
888;119.76;103;24543
896;119.76;103;24564
889;119.76;103;24584
885;119.76;103;24604
887;119.76;103;24624
886;119.76;103;24644
880;119.76;103;24664
878;119.76;103;24684
890;119.76;103;24704
883;119.76;103;24724
888;119.76;103;24744
886;119.76;103;24764
886;119.76;103;24784
889;119.76;103;24804
890;119.76;103;24824
870;119.76;103;24844
880;119.76;103;24864
