TIMESTAMP;IR;RED;BPM;Avg_BPM;MILLIS
0;111213;28395;0.00;0;857
0;111355;28429;0.00;0;898
0;111858;28472;0.00;0;938
0;112237;28498;0.00;0;978
0;112428;28496;0.00;0;1018
1;112512;28503;0.00;0;1058
1;112518;28507;0.00;0;1098
1;112558;28516;0.00;0;1138
1;112623;28536;0.00;0;1178
1;112800;28539;0.00;0;1218
1;112929;28546;0.00;0;1259
1;113016;28555;0.00;0;1299
1;113044;28558;0.00;0;1339
1;113077;28537;0.00;0;1379
1;113094;28528;0.00;0;1419
1;113159;28546;0.00;0;1459
1;112962;28494;0.00;0;1499
1;111876;28377;0.00;0;1539
1;111138;28364;0.00;0;1580
1;111356;28413;0.00;0;1620
1;111845;28451;0.00;0;1660
1;112145;28469;0.00;0;1700
1;112385;28468;0.00;0;1740
1;112452;28463;0.00;0;1780
1;112491;28474;0.00;0;1820
1;112497;28480;0.00;0;1860
1;112565;28487;0.00;0;1900
1;112671;28490;0.00;0;1941
1;112794;28499;0.00;0;1981
2;112885;28514;0.00;0;2021
2;112924;28514;0.00;0;2061
2;112990;28498;0.00;0;2101
2;113035;28498;0.00;0;2141
2;112819;28450;0.00;0;2181
2;111720;28357;0.00;0;2221
2;111196;28347;0.00;0;2261
2;111507;28412;0.00;0;2301
2;112007;28440;0.00;0;2342
2;112291;28463;0.00;0;2382
2;112496;28481;0.00;0;2422
2;112605;28469;0.00;0;2462
2;112608;28461;0.00;0;2502
2;112680;28481;0.00;0;2542
2;112790;28503;0.00;0;2582
2;112904;28513;0.00;0;2622
2;112999;28525;0.00;0;2663
2;113075;28525;0.00;0;2703
2;113129;28530;0.00;0;2743
2;113153;28527;0.00;0;2783
2;113185;28503;0.00;0;2823
2;112752;28395;0.00;0;2863
2;111422;28323;0.00;0;2903
2;110956;28334;0.00;0;2943
2;111311;28378;0.00;0;2983
3;111767;28416;0.00;0;3023
3;112092;28447;0.00;0;3064
3;112386;28466;0.00;0;3104
3;112527;28464;0.00;0;3144
3;112588;28458;0.00;0;3184
3;112629;28452;0.00;0;3224
3;112763;28485;0.00;0;3264
3;112891;28505;0.00;0;3304
3;113002;28512;0.00;0;3344
3;113071;28518;0.00;0;3384
3;113139;28527;0.00;0;3425
3;113193;28529;0.00;0;3465
3;113167;28503;0.00;0;3505
3;112433;28365;0.00;0;3545
3;111281;28301;0.00;0;3585
3;111206;28340;0.00;0;3625
3;111693;28399;0.00;0;3665
3;112066;28433;0.00;0;3705
3;112331;28460;0.00;0;3745
3;112543;28469;0.00;0;3786
3;112630;28475;0.00;0;3826
3;112643;28478;0.00;0;3866
3;112693;28452;0.00;0;3906
3;112801;28480;0.00;0;3946
3;112935;28475;0.00;0;3986
4;113035;28500;0.00;0;4026
4;113097;28520;0.00;0;4066
4;113149;28523;0.00;0;4106
4;113219;28529;0.00;0;4147
4;113228;28509;0.00;0;4187
4;112765;28411;0.00;0;4227
4;111493;28307;0.00;0;4267
4;111323;28356;0.00;0;4307
4;111880;28404;0.00;0;4347
4;112392;28455;0.00;0;4387
4;112679;28489;0.00;0;4427
4;112864;28507;0.00;0;4467
4;112981;28515;0.00;0;4508
4;113053;28523;0.00;0;4548
4;113130;28538;0.00;0;4588
4;113192;28529;0.00;0;4628
4;113274;28535;0.00;0;4668
4;113319;28522;0.00;0;4708
4;113391;28549;0.00;0;4748
4;113429;28568;0.00;0;4788
4;113451;28565;0.00;0;4828
4;113470;28568;0.00;0;4869
4;113346;28532;0.00;0;4909
4;113023;28507;0.00;0;4949
4;112866;28493;0.00;0;4989
5;112973;28516;0.00;0;5029
5;113061;28509;0.00;0;5069
5;113132;28526;0.00;0;5109
5;113206;28559;0.00;0;5149
5;113293;28570;0.00;0;5189
5;113313;28570;0.00;0;5230
5;113330;28566;0.00;0;5270
5;113364;28566;0.00;0;5310
5;113371;28559;0.00;0;5350
5;113427;28556;0.00;0;5390
5;113459;28554;0.00;0;5430
5;113593;28592;0.00;0;5470
5;113663;28620;0.00;0;5510
5;113697;28616;0.00;0;5550
5;113725;28599;0.00;0;5591
5;113447;28556;0.00;0;5631
5;112961;28509;0.00;0;5671
5;112859;28524;0.00;0;5711
5;113131;28531;0.00;0;5751
5;113277;28540;0.00;0;5791
5;113390;28555;0.00;0;5831
5;113471;28573;0.00;0;5871
5;113482;28564;0.00;0;5911
5;113468;28573;0.00;0;5951
5;113508;28569;0.00;0;5992
6;113574;28579;0.00;0;6032
6;113606;28582;0.00;0;6072
6;113657;28561;0.00;0;6112
6;113678;28562;0.00;0;6152
6;113739;28583;0.00;0;6192
6;113795;28593;0.00;0;6232
6;113821;28591;0.00;0;6272
6;113595;28543;0.00;0;6312
6;112947;28489;0.00;0;6353
6;112857;28516;0.00;0;6393
6;113139;28530;0.00;0;6433
6;113360;28523;0.00;0;6473
6;113468;28543;0.00;0;6513
6;113558;28555;0.00;0;6553
6;113560;28563;0.00;0;6593
6;113556;28561;0.00;0;6633
6;113592;28566;0.00;0;6673
6;113656;28574;0.00;0;6714
6;113719;28582;0.00;0;6754
6;113728;28585;0.00;0;6794
6;113755;28562;0.00;0;6834
6;113762;28557;0.00;0;6874
6;113819;28569;0.00;0;6914
6;113745;28551;0.00;0;6954
6;113289;28492;0.00;0;6994
7;112901;28495;0.00;0;7034
7;113097;28522;0.00;0;7075
7;113327;28539;0.00;0;7115
7;113390;28540;0.00;0;7155
7;113476;28520;0.00;0;7195
7;113485;28516;0.00;0;7235
7;113509;28532;0.00;0;7275
7;113538;28548;0.00;0;7315
7;113591;28555;0.00;0;7355
7;113646;28565;0.00;0;7396
7;113696;28561;0.00;0;7436
7;113732;28571;0.00;0;7476
7;113709;28561;0.00;0;7516
7;113741;28551;0.00;0;7556
7;113740;28536;0.00;0;7596
7;113535;28502;0.00;0;7636
7;112765;28434;7.84;0;7676
7;112465;28443;7.84;0;7716
7;112788;28480;7.84;0;7757
7;113023;28500;7.84;0;7797
7;113159;28508;7.84;0;7837
7;113236;28499;7.84;0;7877
7;113295;28503;7.84;0;7917
7;113306;28495;7.84;0;7957
7;113381;28518;7.84;0;7997
8;113442;28540;7.84;0;8037
8;113529;28534;7.84;0;8077
8;113568;28545;7.84;0;8118
8;113614;28554;7.84;0;8158
8;113646;28560;7.84;0;8198
8;113640;28528;7.84;0;8238
8;113668;28542;7.84;0;8278
8;113559;28487;7.84;0;8318
8;112936;28424;7.84;0;8358
8;112494;28433;7.84;0;8398
8;112748;28463;7.84;0;8438
8;112998;28474;7.84;0;8479
8;113122;28492;71.17;17;8519
8;113233;28496;71.17;17;8559
8;113249;28475;71.17;17;8599
8;113253;28485;71.17;17;8639
8;113284;28472;71.17;17;8679
8;113358;28503;71.17;17;8719
8;113444;28518;71.17;17;8759
8;113517;28528;71.17;17;8799
8;113562;28530;71.17;17;8840
8;113596;28534;71.17;17;8880
8;113617;28528;71.17;17;8920
8;113616;28505;71.17;17;8960
8;113631;28516;71.17;17;9000
9;113476;28461;71.17;17;9040
9;112827;28404;71.17;17;9080
9;112544;28429;71.17;17;9120
9;112859;28469;93.60;41;9160
9;113096;28475;93.60;41;9201
9;113199;28479;93.60;41;9241
9;113281;28497;93.60;41;9281
9;113291;28474;93.60;41;9321
9;113301;28477;93.60;41;9361
9;113345;28464;93.60;41;9401
9;113422;28499;93.60;41;9441
9;113488;28506;93.60;41;9481
9;113551;28513;93.60;41;9521
9;113582;28522;93.60;41;9562
9;113625;28518;93.60;41;9602
9;113639;28519;93.60;41;9642
9;113629;28503;93.60;41;9682
9;113685;28498;93.60;41;9722
9;113519;28453;93.60;41;9762
9;113091;28428;93.46;64;9802
9;112863;28445;93.46;64;9842
9;113064;28467;93.46;64;9882
9;113250;28484;93.46;64;9923
9;113331;28489;93.46;64;9963
9;113421;28495;93.46;64;10003
10;113385;28485;93.46;64;10043
10;113407;28473;93.46;64;10083
10;113419;28463;93.46;64;10123
10;113493;28478;93.46;64;10163
10;113565;28498;93.46;64;10203
10;113598;28505;93.46;64;10243
10;113628;28513;93.46;64;10283
10;113654;28512;93.46;64;10324
10;113687;28511;93.46;64;10364
10;113677;28518;99.67;89;10404
10;113638;28472;99.67;89;10444
10;113267;28415;99.67;89;10484
10;112879;28412;99.67;89;10524
10;113018;28443;99.67;89;10564
10;113208;28462;99.67;89;10604
10;113292;28484;99.67;89;10644
10;113368;28479;99.67;89;10685
10;113438;28487;99.67;89;10725
10;113428;28487;99.67;89;10765
10;113424;28468;99.67;89;10805
10;113468;28475;99.67;89;10845
10;113558;28477;99.67;89;10885
10;113621;28499;99.67;89;10925
10;113659;28505;99.67;89;10965
10;113691;28502;99.67;89;11005
11;113719;28505;99.67;89;11046
11;113751;28502;99.67;89;11086
11;113754;28498;99.67;89;11126
11;113483;28434;78.74;90;11166
11;113064;28413;78.74;90;11206
11;113007;28412;78.74;90;11246
11;113210;28445;78.74;90;11286
11;113313;28464;78.74;90;11326
11;113380;28477;78.74;90;11366
11;113459;28472;78.74;90;11407
11;113490;28473;78.74;90;11447
11;113489;28479;78.74;90;11487
11;113478;28459;78.74;90;11527
11;113547;28471;78.74;90;11567
11;113571;28459;78.74;90;11607
11;113636;28470;78.74;90;11647
11;113667;28495;78.74;90;11687
11;113694;28489;78.74;90;11727
11;113706;28496;78.74;90;11768
11;113736;28496;78.74;90;11808
11;113626;28474;78.74;90;11848
11;113177;28417;83.10;88;11888
11;112954;28418;83.10;88;11928
11;113125;28425;83.10;88;11968
11;113286;28449;83.10;88;12008
12;113358;28470;83.10;88;12048
12;113448;28475;83.10;88;12088
12;113473;28480;83.10;88;12129
12;113475;28480;83.10;88;12169
12;113503;28488;83.10;88;12209
12;113507;28481;83.10;88;12249
12;113577;28479;83.10;88;12289
12;113600;28462;83.10;88;12329
12;113649;28488;83.10;88;12369
12;113684;28504;83.10;88;12409
12;113714;28503;83.10;88;12449
12;113740;28507;83.10;88;12490
12;113605;28468;83.10;88;12530
12;113189;28438;83.10;88;12570
12;112888;28419;83.10;85;12610
12;113055;28424;83.10;85;12650
12;113146;28418;83.10;85;12690
12;113205;28436;83.10;85;12730
12;113301;28464;83.10;85;12770
12;113367;28455;83.10;85;12810
12;113378;28458;83.10;85;12851
12;113400;28464;83.10;85;12891
12;113457;28481;83.10;85;12931
12;113463;28470;83.10;85;12971
12;113523;28460;83.10;85;13011
13;113524;28451;83.10;85;13051
13;113595;28472;83.10;85;13091
13;113632;28488;83.10;85;13131
13;113654;28483;83.10;85;13171
13;113608;28460;83.10;85;13212
13;113265;28417;83.10;85;13252
13;112877;28404;83.10;85;13292
13;112949;28420;83.10;85;13332
13;113087;28403;83.10;85;13372
13;113108;28397;74.81;79;13412
13;113225;28426;74.81;79;13452
13;113307;28437;74.81;79;13492
13;113331;28450;74.81;79;13532
13;113343;28441;74.81;79;13573
13;113390;28456;74.81;79;13613
13;113457;28464;74.81;79;13653
13;113452;28454;74.81;79;13693
13;113506;28441;74.81;79;13733
13;113514;28431;74.81;79;13773
13;113553;28454;74.81;79;13813
13;113606;28464;74.81;79;13853
13;113636;28459;74.81;79;13893
13;113465;28432;74.81;79;13934
13;113068;28389;74.81;79;13974
13;112869;28405;74.81;79;14014
14;113015;28405;74.81;79;14054
14;113109;28399;87.98;81;14094
14;113151;28394;87.98;81;14134
14;113267;28410;87.98;81;14174
14;113324;28438;87.98;81;14214
14;113322;28424;87.98;81;14254
14;113348;28439;87.98;81;14295
14;113396;28438;87.98;81;14335
14;113456;28449;87.98;81;14375
14;113467;28446;87.98;81;14415
14;113508;28429;87.98;81;14455
14;113508;28418;87.98;81;14495
14;113561;28433;87.98;81;14535
14;113609;28447;87.98;81;14575
14;113577;28433;87.98;81;14615
14;113221;28388;87.98;81;14656
14;112741;28373;87.98;81;14696
14;112864;28394;93.46;84;14736
14;113037;28402;93.46;84;14776
14;113152;28392;93.46;84;14816
14;113199;28391;93.46;84;14856
14;113290;28406;93.46;84;14896
14;113301;28421;93.46;84;14936
14;113327;28427;93.46;84;14976
14;113391;28434;93.46;84;15017
15;113460;28436;93.46;84;15057
15;113500;28446;93.46;84;15097
15;113483;28436;93.46;84;15137
15;113531;28417;93.46;84;15177
15;113533;28404;93.46;84;15217
15;113594;28428;93.46;84;15257
15;113585;28418;93.46;84;15297
15;113278;28371;93.46;84;15337
15;112843;28362;93.46;84;15377
15;112941;28385;87.98;85;15418
15;113160;28407;87.98;85;15458
15;113224;28421;87.98;85;15498
15;113310;28395;87.98;85;15538
15;113302;28389;87.98;85;15578
15;113324;28393;87.98;85;15618
15;113362;28420;87.98;85;15658
15;113421;28420;87.98;85;15698
15;113485;28426;87.98;85;15738
15;113536;28440;87.98;85;15779
15;113561;28438;87.98;85;15819
15;113572;28445;87.98;85;15859
15;113576;28416;87.98;85;15899
15;113574;28421;87.98;85;15939
15;113441;28370;87.98;85;15979
16;112773;28304;87.98;85;16019
16;112436;28329;93.60;90;16059
16;112777;28369;93.60;90;16099
16;113005;28382;93.60;90;16140
16;113118;28397;93.60;90;16180
16;113217;28409;93.60;90;16220
16;113205;28383;93.60;90;16260
16;113208;28387;93.60;90;16300
16;113257;28380;93.60;90;16340
16;113345;28404;93.60;90;16380
16;113419;28420;93.60;90;16420
16;113478;28433;93.60;90;16460
16;113510;28428;93.60;90;16501
16;113545;28433;93.60;90;16541
16;113576;28437;93.60;90;16581
16;113522;28405;93.60;90;16621
16;113133;28330;93.60;90;16661
16;112449;28288;93.60;90;16701
16;112595;28342;93.60;90;16741
16;112910;28370;93.60;90;16781
16;113009;28381;78.74;87;16821
16;113128;28400;78.74;87;16862
16;113220;28400;78.74;87;16902
16;113246;28407;78.74;87;16942
16;113202;28388;78.74;87;16982
17;113261;28390;78.74;87;17022
17;113312;28384;78.74;87;17062
17;113419;28399;78.74;87;17102
17;113489;28422;78.74;87;17142
17;113538;28425;78.74;87;17182
17;113567;28434;78.74;87;17223
17;113601;28432;78.74;87;17263
17;113608;28435;78.74;87;17303
17;113246;28360;78.74;87;17343
17;112597;28298;78.74;87;17383
17;112575;28307;99.67;89;17423
17;112846;28347;99.67;89;17463
17;112947;28368;99.67;89;17503
17;113047;28380;99.67;89;17543
17;113151;28381;99.67;89;17584
17;113181;28386;99.67;89;17624
17;113195;28394;99.67;89;17664
17;113216;28386;99.67;89;17704
17;113305;28387;99.67;89;17744
17;113351;28374;99.67;89;17784
17;113430;28396;99.67;89;17824
17;113480;28417;99.67;89;17864
17;113508;28413;99.67;89;17904
17;113548;28418;99.67;89;17945
17;113576;28420;99.67;89;17985
18;113485;28383;99.67;89;18025
18;112761;28285;99.67;89;18065
18;112275;28280;99.67;89;18105
18;112516;28289;83.10;88;18145
18;112750;28316;83.10;88;18185
18;112857;28350;83.10;88;18225
18;113049;28354;83.10;88;18265
18;113128;28365;83.10;88;18306
18;113143;28366;83.10;88;18346
18;113173;28375;83.10;88;18386
18;113199;28368;83.10;88;18426
18;113304;28361;83.10;88;18466
18;113342;28355;83.10;88;18506
18;113399;28381;83.10;88;18546
18;113449;28393;83.10;88;18586
18;113480;28391;83.10;88;18626
18;113516;28400;83.10;88;18667
18;113449;28367;83.10;88;18707
18;112747;28274;83.10;88;18747
18;112151;28254;83.10;88;18787
18;112402;28294;83.10;88;18827
18;112659;28282;83.10;85;18867
18;112832;28324;83.10;85;18907
18;113018;28348;83.10;85;18947
18;113064;28348;83.10;85;18987
19;113050;28343;83.10;85;19028
19;113089;28366;83.10;85;19068
19;113190;28372;83.10;85;19108
19;113227;28351;83.10;85;19148
19;113300;28369;83.10;85;19188
19;113333;28352;83.10;85;19228
19;113397;28378;83.10;85;19268
19;113446;28394;83.10;85;19308
19;113497;28394;83.10;85;19348
19;113400;28351;83.10;85;19389
19;112497;28249;83.10;85;19429
19;111828;28230;83.10;85;19469
19;111992;28248;83.10;85;19509
19;112291;28268;87.98;88;19549
19;112415;28275;87.98;88;19589
19;112679;28311;87.98;88;19629
19;112833;28325;87.98;88;19669
19;112853;28336;87.98;88;19709
19;112898;28345;87.98;88;19750
19;113050;28357;87.98;88;19790
19;113160;28369;87.98;88;19830
19;113203;28346;87.98;88;19870
19;113255;28358;87.98;88;19910
19;113327;28347;87.98;88;19950
19;113382;28372;87.98;88;19990
20;113427;28394;87.98;88;20030
20;113478;28387;87.98;88;20070
20;113197;28305;87.98;88;20111
20;112146;28233;87.98;88;20151
20;111902;28246;87.98;88;20191
20;112214;28256;87.98;85;20231
20;112372;28261;87.98;85;20271
20;112530;28299;87.98;85;20311
20;112808;28324;87.98;85;20351
20;112926;28330;87.98;85;20391
20;112947;28341;87.98;85;20432
20;113011;28348;87.98;85;20472
20;113139;28362;87.98;85;20512
20;113205;28369;87.98;85;20552
20;113293;28348;87.98;85;20592
20;113312;28340;87.98;85;20632
20;113394;28366;87.98;85;20672
20;113445;28386;87.98;85;20712
20;113484;28387;87.98;85;20752
20;113535;28395;87.98;85;20793
20;113520;28372;87.98;85;20833
20;112942;28282;93.46;87;20873
20;112111;28237;93.46;87;20913
20;112262;28263;93.46;87;20953
20;112515;28257;93.46;87;20993
21;112672;28292;93.46;87;21033
21;112900;28337;93.46;87;21073
21;113073;28345;93.46;87;21113
21;113131;28346;93.46;87;21154
21;113174;28356;93.46;87;21194
21;113258;28365;93.46;87;21234
21;113304;28349;93.46;87;21274
21;113372;28359;93.46;87;21314
21;113428;28341;93.46;87;21354
21;113492;28364;93.46;87;21394
21;113512;28373;93.46;87;21434
21;113556;28385;93.46;87;21474
21;113585;28386;93.46;87;21515
21;113621;28389;87.98;88;21555
21;113605;28375;87.98;88;21595
21;113163;28276;87.98;88;21635
21;112590;28272;87.98;88;21675
21;112800;28288;87.98;88;21715
21;113040;28314;87.98;88;21755
21;113116;28335;87.98;88;21795
21;113217;28349;87.98;88;21835
21;113296;28355;87.98;88;21876
21;113308;28357;87.98;88;21916
21;113315;28354;87.98;88;21956
21;113340;28331;87.98;88;21996
22;113395;28345;87.98;88;22036
22;113487;28349;87.98;88;22076
22;113528;28364;87.98;88;22116
22;113559;28370;87.98;88;22156
22;113591;28381;87.98;88;22196
22;113624;28384;87.98;88;22237
22;113647;28387;87.98;88;22277
22;113659;28398;87.98;88;22317
22;113678;28368;87.98;88;22357
22;113579;28331;87.98;88;22397
22;113150;28287;87.98;88;22437
22;112762;28285;87.98;88;22477
22;112918;28319;87.98;88;22517
22;113107;28337;87.98;88;22557
22;113156;28338;87.98;88;22598
22;113267;28355;87.98;88;22638
22;113323;28356;87.98;88;22678
22;113345;28328;87.98;88;22718
22;113352;28325;87.98;88;22758
22;113439;28355;87.98;88;22798
22;113525;28373;87.98;88;22838
22;113573;28370;87.98;88;22878
22;113604;28381;87.98;88;22919
22;113633;28380;87.98;88;22959
22;113674;28385;87.98;88;22999
23;113661;28382;87.98;88;23039
23;113696;28361;87.98;88;23079
23;113694;28350;38.36;76;23119
23;113745;28372;38.36;76;23159
23;113802;28391;38.36;76;23199
23;113818;28384;38.36;76;23239
23;113652;28355;38.36;76;23280
23;113217;28312;38.36;76;23320
23;113010;28330;38.36;76;23360
23;113165;28333;38.36;76;23400
23;113290;28328;38.36;76;23440
23;113274;28312;38.36;76;23480
23;113356;28328;38.36;76;23520
23;113382;28342;38.36;76;23560
23;113413;28339;38.36;76;23600
23;113460;28350;38.36;76;23641
23;113512;28357;38.36;76;23681
23;113575;28374;38.36;76;23721
23;113571;28365;38.36;76;23761
23;113609;28364;38.36;76;23801
23;113624;28330;38.36;76;23841
23;113677;28357;38.36;76;23881
23;113710;28375;38.36;76;23921
23;113740;28384;38.36;76;23961
23;113773;28387;38.36;76;24002
24;113782;28375;65.01;70;24042
24;113520;28327;65.01;70;24082
24;112965;28269;65.01;70;24122
24;112967;28303;65.01;70;24162
24;113226;28309;65.01;70;24202
24;113325;28328;65.01;70;24242
24;113380;28351;65.01;70;24282
24;113477;28355;65.01;70;24322
24;113518;28360;65.01;70;24363
24;113524;28364;65.01;70;24403
24;113547;28372;65.01;70;24443
24;113592;28343;65.01;70;24483
24;113667;28357;65.01;70;24523
24;113743;28353;65.01;70;24563
24;113784;28376;65.01;70;24603
24;113803;28385;65.01;70;24643
24;113829;28390;65.01;70;24683
24;113862;28383;65.01;70;24724
24;113903;28385;65.01;70;24764
24;113905;28393;78.74;67;24804
24;113895;28376;78.74;67;24844
24;113892;28366;78.74;67;24884
24;113717;28322;78.74;67;24924
24;113400;28305;78.74;67;24964
24;113327;28324;78.74;67;25004
25;113486;28349;78.74;67;25044
25;113564;28353;78.74;67;25085
25;113615;28360;78.74;67;25125
25;113665;28366;78.74;67;25165
25;113648;28338;78.74;67;25205
25;113614;28329;78.74;67;25245
25;113651;28339;78.74;67;25285
25;113678;28356;78.74;67;25325
25;113719;28365;78.74;67;25365
25;113754;28374;78.74;67;25405
25;113786;28384;78.74;67;25446
25;113799;28387;78.74;67;25486
25;113775;28382;78.74;67;25526
25;113792;28355;78.74;67;25566
25;113806;28344;78.74;67;25606
25;113746;28339;78.74;67;25646
25;113431;28325;78.74;67;25686
25;113272;28315;78.74;67;25726
25;113385;28343;78.74;67;25767
25;113481;28338;78.74;67;25807
25;113510;28355;78.74;67;25847
25;113524;28353;78.74;67;25887
25;113548;28327;78.74;67;25927
25;113523;28312;78.74;67;25967
25;113568;28330;78.74;67;26007
26;113636;28345;78.74;67;26047
26;113674;28350;78.74;67;26087
26;113704;28360;78.74;67;26128
26;113738;28359;78.74;67;26168
26;113770;28362;78.74;67;26208
26;113753;28359;78.74;67;26248
26;113787;28346;78.74;67;26288
26;113788;28335;78.74;67;26328
26;113828;28340;78.74;67;26368
26;113577;28305;78.74;67;26408
26;113111;28266;78.74;67;26448
26;113032;28294;35.63;54;26489
26;113223;28308;35.63;54;26529
26;113299;28311;35.63;54;26569
26;113291;28307;35.63;54;26609
26;113378;28304;35.63;54;26649
26;113389;28290;35.63;54;26689
26;113432;28315;35.63;54;26729
26;113483;28329;35.63;54;26769
26;113536;28324;35.63;54;26809
26;113595;28336;35.63;54;26850
26;113622;28344;35.63;54;26890
26;113653;28350;35.63;54;26930
26;113653;28341;35.63;54;26970
26;113681;28323;35.63;54;27010
27;113667;28313;35.63;54;27050
27;113714;28336;35.63;54;27090
27;113567;28307;35.63;54;27130
27;113096;28255;35.63;54;27170
27;112923;28278;35.63;54;27211
27;113130;28293;35.63;54;27251
27;113243;28306;35.63;54;27291
27;113243;28296;35.63;54;27331
27;113322;28283;35.63;54;27371
27;113344;28270;35.63;54;27411
27;113375;28292;35.63;54;27451
27;113412;28314;35.63;54;27491
27;113465;28309;35.63;54;27531
27;113525;28326;35.63;54;27572
27;113573;28328;35.63;54;27612
27;113597;28340;35.63;54;27652
27;113582;28320;35.63;54;27692
27;113606;28306;35.63;54;27732
27;113616;28295;35.63;54;27772
27;113676;28318;35.63;54;27812
27;113634;28307;35.63;54;27852
27;113301;28276;35.63;54;27892
27;113048;28261;35.63;54;27933
27;113157;28285;35.63;54;27973
27;113296;28300;39.34;54;28013
28;113309;28299;39.34;54;28053
28;113375;28283;39.34;54;28093
28;113381;28275;39.34;54;28133
28;113414;28294;39.34;54;28173
28;113454;28302;39.34;54;28213
28;113498;28308;39.34;54;28253
28;113558;28320;39.34;54;28294
28;113602;28319;39.34;54;28334
28;113624;28325;39.34;54;28374
28;113614;28316;39.34;54;28414
28;113639;28301;39.34;54;28454
28;113627;28292;39.34;54;28494
28;113686;28313;39.34;54;28534
28;113729;28328;39.34;54;28574
28;113686;28301;39.34;54;28614
28;113364;28267;93.60;61;28655
28;113150;28274;93.60;61;28695
28;113257;28287;93.60;61;28735
28;113330;28281;93.60;61;28775
28;113395;28273;93.60;61;28815
28;113420;28259;93.60;61;28855
28;113449;28278;93.60;61;28895
28;113475;28296;93.60;61;28935
28;113496;28301;93.60;61;28975
28;113543;28308;93.60;61;29016
29;113582;28315;93.60;61;29056
29;113613;28315;93.60;61;29096
29;113594;28290;93.60;61;29136
29;113584;28295;93.60;61;29176
29;113627;28283;93.60;61;29216
29;113654;28298;93.60;61;29256
29;113678;28313;93.60;61;29296
29;113681;28311;93.60;61;29336
29;113469;28273;82.99;62;29377
29;113156;28259;82.99;62;29417
29;113145;28276;82.99;62;29457
29;113271;28264;82.99;62;29497
29;113365;28283;82.99;62;29537
29;113444;28264;82.99;62;29577
29;113464;28287;82.99;62;29617
29;113460;28301;82.99;62;29657
29;113473;28308;82.99;62;29697
29;113513;28313;82.99;62;29738
29;113565;28318;82.99;62;29778
29;113605;28321;82.99;62;29818
29;113602;28297;82.99;62;29858
29;113607;28299;82.99;62;29898
29;113653;28297;82.99;62;29938
29;113679;28315;82.99;62;29978
29;113687;28322;82.99;62;30018
30;113688;28329;82.99;62;30058
30;113418;28280;82.99;62;30099
30;113137;28271;78.74;73;30139
30;113173;28294;78.74;73;30179
30;113312;28270;78.74;73;30219
30;113403;28279;78.74;73;30259
30;113491;28286;78.74;73;30299
30;113522;28302;78.74;73;30339
30;113513;28309;78.74;73;30379
30;113524;28303;78.74;73;30419
30;113560;28307;78.74;73;30460
30;113603;28321;78.74;73;30500
30;113621;28321;78.74;73;30540
30;113656;28293;78.74;73;30580
30;113654;28282;78.74;73;30620
30;113703;28290;78.74;73;30660
30;113719;28306;78.74;73;30700
30;113733;28313;78.74;73;30740
30;113551;28284;78.74;73;30780
30;113253;28264;87.98;85;30821
30;113169;28266;87.98;85;30861
30;113248;28278;87.98;85;30901
30;113345;28262;87.98;85;30941
30;113374;28263;87.98;85;30981
31;113442;28278;87.98;85;31021
31;113447;28288;87.98;85;31061
31;113459;28292;87.98;85;31101
31;113510;28300;87.98;85;31142
31;113570;28295;87.98;85;31182
31;113633;28304;87.98;85;31222
31;113639;28305;87.98;85;31262
31;113704;28286;87.98;85;31302
31;113693;28279;87.98;85;31342
31;113721;28301;87.98;85;31382
31;113702;28297;87.98;85;31422
31;113418;28258;87.98;85;31462
31;113187;28265;87.98;85;31503
31;113232;28269;87.98;85;31543
31;113370;28282;78.74;81;31583
31;113388;28289;78.74;81;31623
31;113442;28271;78.74;81;31663
31;113438;28262;78.74;81;31703
31;113467;28280;78.74;81;31743
31;113481;28298;78.74;81;31783
31;113509;28303;78.74;81;31823
31;113568;28305;78.74;81;31864
31;113607;28318;78.74;81;31904
31;113635;28316;78.74;81;31944
31;113611;28311;78.74;81;31984
32;113642;28300;78.74;81;32024
32;113649;28287;78.74;81;32064
32;113601;28270;78.74;81;32104
32;113291;28256;78.74;81;32144
32;113093;28257;78.74;81;32184
32;113205;28276;78.74;81;32225
32;113335;28286;87.98;82;32265
32;113398;28288;87.98;82;32305
32;113393;28286;87.98;82;32345
32;113414;28269;87.98;82;32385
32;113391;28249;87.98;82;32425
32;113448;28274;87.98;82;32465
32;113518;28286;87.98;82;32505
32;113569;28285;87.98;82;32545
32;113599;28302;87.98;82;32586
32;113627;28304;87.98;82;32626
32;113643;28308;87.98;82;32666
32;113625;28297;87.98;82;32706
32;113654;28290;87.98;82;32746
32;113535;28247;87.98;82;32786
32;113276;28246;87.98;82;32826
32;113178;28268;87.98;82;32866
32;113285;28272;87.98;82;32906
32;113383;28273;88.11;85;32947
32;113438;28293;88.11;85;32987
33;113492;28295;88.11;85;33027
33;113467;28273;88.11;85;33067
33;113470;28262;88.11;85;33107
33;113477;28248;88.11;85;33147
33;113554;28284;88.11;85;33187
33;113628;28298;88.11;85;33227
33;113666;28298;88.11;85;33267
33;113690;28293;88.11;85;33308
33;113707;28298;88.11;85;33348
33;113721;28309;88.11;85;33388
33;113693;28291;88.11;85;33428
33;113508;28226;114.94;91;33468
33;113023;28179;114.94;91;33508
33;112835;28198;114.94;91;33548
33;113111;28241;114.94;91;33588
33;113309;28248;114.94;91;33628
33;113398;28257;114.94;91;33669
33;113448;28259;114.94;91;33709
33;113449;28265;114.94;91;33749
33;113399;28256;114.94;91;33789
33;113453;28242;114.94;91;33829
33;113512;28246;114.94;91;33869
33;113619;28270;114.94;91;33909
33;113663;28280;114.94;91;33949
33;113682;28282;114.94;91;33989
34;113713;28291;114.94;91;34029
34;113734;28290;114.94;91;34070
34;113641;28246;114.94;91;34110
34;112663;28124;114.94;91;34150
34;111672;28060;114.94;91;34190
34;111702;28073;114.94;91;34230
34;112060;28116;114.94;91;34270
34;112297;28152;114.94;91;34310
34;112463;28172;114.94;91;34350
34;112633;28189;114.94;91;34390
34;112628;28172;114.94;91;34431
34;112554;28174;114.94;91;34471
34;112639;28185;114.94;91;34511
34;112796;28179;114.94;91;34551
34;112930;28200;114.94;91;34591
34;113133;28210;114.94;91;34631
34;113272;28229;114.94;91;34671
34;113386;28252;114.94;91;34711
34;113426;28239;114.94;91;34751
34;112560;28082;114.94;91;34792
34;111171;28011;114.94;91;34832
34;110962;28022;114.94;91;34872
34;111191;28023;114.94;91;34912
34;111275;28035;114.94;91;34952
34;111456;28041;114.94;91;34992
35;111812;28101;114.94;91;35032
35;112041;28115;114.94;91;35072
35;112060;28122;114.94;91;35112
35;112142;28135;114.94;91;35153
35;112323;28150;114.94;91;35193
35;112454;28148;114.94;91;35233
35;112536;28138;114.94;91;35273
35;112694;28162;114.94;91;35313
35;112989;28202;114.94;91;35353
35;113060;28152;114.94;91;35393
35;111645;28001;114.94;91;35433
35;110659;27964;114.94;91;35473
35;110664;27979;114.94;91;35514
35;110891;27992;114.94;91;35554
35;110864;27999;114.94;91;35594
35;111052;28008;114.94;91;35634
35;111355;28026;114.94;91;35674
35;111480;28045;114.94;91;35714
35;111599;28083;114.94;91;35754
35;111901;28114;114.94;91;35794
35;112249;28155;114.94;91;35835
35;112538;28171;114.94;91;35875
35;112817;28204;114.94;91;35915
35;112968;28220;114.94;91;35955
35;113198;28219;114.94;91;35995
36;113259;28180;114.94;91;36035
36;112096;28034;114.94;91;36075
36;110921;28003;114.94;91;36115
36;110915;28022;114.94;91;36155
36;111242;28048;114.94;91;36196
36;111378;28061;114.94;91;36236
36;111592;28098;114.94;91;36276
36;112051;28143;21.07;77;36316
36;112398;28150;21.07;77;36356
36;112492;28149;21.07;77;36396
36;112659;28179;21.07;77;36436
36;112847;28209;21.07;77;36476
36;113049;28225;21.07;77;36516
36;113226;28245;21.07;77;36557
36;113361;28252;21.07;77;36597
36;113448;28268;21.07;77;36637
36;113520;28266;166.20;97;36677
36;113614;28251;166.20;97;36717
36;113134;28119;166.20;97;36757
36;111707;28038;166.20;97;36797
36;111472;28079;166.20;97;36837
36;111899;28123;166.20;97;36877
36;112137;28132;166.20;97;36918
36;112280;28158;166.20;97;36958
36;112673;28199;166.20;97;36998
37;112894;28202;166.20;97;37038
37;112968;28203;166.20;97;37078
37;113054;28206;166.20;97;37118
37;113228;28239;166.20;97;37158
37;113385;28255;166.20;97;37198
37;113498;28260;166.20;97;37238
37;113565;28275;166.20;97;37279
37;113630;28278;166.20;97;37319
37;113713;28280;166.20;97;37359
37;113686;28248;166.20;97;37399
37;112895;28108;166.20;97;37439
37;111778;28052;166.20;97;37479
37;111834;28099;166.20;97;37519
37;112153;28133;166.20;97;37559
37;112259;28152;166.20;97;37599
37;112430;28174;166.20;97;37640
37;112833;28205;166.20;97;37680
37;113037;28218;166.20;97;37720
37;113041;28209;166.20;97;37760
37;113143;28217;166.20;97;37800
37;113274;28219;166.20;97;37840
37;113437;28249;166.20;97;37880
37;113556;28274;166.20;97;37920
37;113642;28273;166.20;97;37960
37;113692;28273;166.20;97;38001
38;113746;28284;166.20;97;38041
38;113811;28289;166.20;97;38081
38;113825;28265;166.20;97;38121
38;113412;28167;166.20;97;38161
38;112112;28059;166.20;97;38201
38;111875;28094;166.20;97;38241
38;112187;28136;166.20;97;38281
38;112317;28140;166.20;97;38321
38;112366;28152;166.20;97;38362
38;112721;28202;166.20;97;38402
38;113031;28219;166.20;97;38442
38;113098;28202;166.20;97;38482
38;113162;28217;166.20;97;38522
38;113301;28221;166.20;97;38562
38;113461;28247;166.20;97;38602
38;113580;28271;166.20;97;38642
38;113658;28276;166.20;97;38682
38;113722;28273;166.20;97;38723
38;113776;28277;166.20;97;38763
38;113813;28291;166.20;97;38803
38;113834;28269;166.20;97;38843
38;113872;28272;27.20;82;38883
38;113956;28264;27.20;82;38923
38;113647;28198;27.20;82;38963
38;112423;28104;27.20;82;39003
39;112093;28128;27.20;82;39043
39;112398;28151;27.20;82;39084
39;112534;28157;27.20;82;39124
39;112528;28166;27.20;82;39164
39;112762;28168;27.20;82;39204
39;113062;28202;27.20;82;39244
39;113208;28198;27.20;82;39284
39;113270;28225;27.20;82;39324
39;113380;28247;27.20;82;39364
39;113527;28262;27.20;82;39404
39;113640;28266;27.20;82;39445
39;113714;28276;27.20;82;39485
39;113774;28282;27.20;82;39525
39;113785;28261;27.20;82;39565
39;113820;28276;27.20;82;39605
39;113882;28269;27.20;82;39645
39;113958;28282;27.20;82;39685
39;113999;28298;71.26;71;39725
39;113780;28228;71.26;71;39765
39;112734;28122;71.26;71;39806
39;112248;28133;71.26;71;39846
39;112549;28159;71.26;71;39886
39;112720;28156;71.26;71;39926
39;112722;28170;71.26;71;39966
39;112983;28188;71.26;71;40006
40;113249;28223;71.26;71;40046
40;113372;28242;71.26;71;40086
40;113424;28244;71.26;71;40126
40;113515;28257;71.26;71;40167
40;113633;28263;71.26;71;40207
40;113728;28274;71.26;71;40247
40;113770;28256;71.26;71;40287
40;113826;28270;71.26;71;40327
40;113888;28262;71.26;71;40367
40;113945;28280;71.26;71;40407
40;113992;28288;71.26;71;40447
40;114024;28299;71.26;71;40487
40;114077;28293;74.81;84;40528
40;114106;28301;74.81;84;40568
40;113937;28250;74.81;84;40608
40;113128;28140;74.81;84;40648
40;112647;28153;74.81;84;40688
40;112924;28175;74.81;84;40728
40;113182;28200;74.81;84;40768
40;113272;28227;74.81;84;40808
40;113405;28232;74.81;84;40848
40;113554;28253;74.81;84;40889
40;113617;28256;74.81;84;40929
40;113664;28252;74.81;84;40969
40;113698;28246;74.81;84;41009
41;113787;28261;74.81;84;41049
41;113860;28250;74.81;84;41089
41;113956;28278;74.81;84;41129
41;114000;28289;74.81;84;41169
41;114038;28295;74.81;84;41209
41;114082;28291;74.81;84;41250
41;114103;28296;78.64;62;41290
41;114145;28301;78.64;62;41330
41;114157;28287;78.64;62;41370
41;114199;28298;78.64;62;41410
41;114012;28227;78.64;62;41450
41;113388;28176;78.64;62;41490
41;113060;28198;78.64;62;41530
41;113307;28222;78.64;62;41570
41;113522;28240;78.64;62;41611
41;113589;28241;78.64;62;41651
41;113711;28252;78.64;62;41691
41;113746;28238;78.64;62;41731
41;113776;28243;78.64;62;41771
41;113801;28242;78.64;62;41811
41;113878;28262;78.64;62;41851
41;113969;28286;78.64;62;41891
41;114031;28282;78.64;62;41931
41;114065;28278;78.64;62;41972
41;114106;28289;78.64;62;42012
42;114142;28291;78.64;62;42052
42;114132;28277;78.64;62;42092
42;114163;28287;78.64;62;42132
42;114209;28281;78.64;62;42172
42;114257;28294;78.64;62;42212
42;114115;28259;78.64;62;42252
42;113498;28184;78.64;62;42292
42;113027;28183;78.64;62;42333
42;113216;28205;78.64;62;42373
42;113426;28219;78.64;62;42413
42;113469;28204;78.64;62;42453
42;113579;28227;78.64;62;42493
42;113708;28221;78.64;62;42533
42;113781;28243;78.64;62;42573
42;113806;28258;78.64;62;42613
42;113862;28261;78.64;62;42653
42;113936;28267;78.64;62;42694
42;113996;28273;78.64;62;42734
42;114045;28277;78.64;62;42774
42;114054;28260;78.64;62;42814
42;114082;28266;78.64;62;42854
42;114129;28258;78.64;62;42894
42;114178;28283;78.64;62;42934
42;114222;28292;78.64;62;42974
42;114250;28299;78.64;62;43014
43;114282;28292;33.99;64;43055
43;114317;28290;33.99;64;43095
43;114134;28258;33.99;64;43135
43;113596;28173;33.99;64;43175
43;113214;28177;33.99;64;43215
43;113386;28193;33.99;64;43255
43;113563;28218;33.99;64;43295
43;113628;28231;33.99;64;43335
43;113699;28243;33.99;64;43375
43;113778;28241;33.99;64;43416
43;113835;28243;33.99;64;43456
43;113845;28249;33.99;64;43496
43;113852;28228;33.99;64;43536
43;113895;28245;33.99;64;43576
43;113970;28243;33.99;64;43616
43;114045;28261;33.99;64;43656
43;114093;28264;33.99;64;43696
43;114119;28273;33.99;64;43736
43;114145;28275;33.99;64;43777
43;114174;28280;33.99;64;43817
43;114215;28281;33.99;64;43857
43;114198;28268;33.99;64;43897
43;114236;28272;33.99;64;43937
43;114266;28258;65.08;62;43977
43;114290;28259;65.08;62;44017
44;113967;28235;65.08;62;44057
44;113611;28207;65.08;62;44097
44;113568;28212;65.08;62;44138
44;113725;28233;65.08;62;44178
44;113822;28245;65.08;62;44218
44;113831;28243;65.08;62;44258
44;113914;28230;65.08;62;44298
44;113931;28230;65.08;62;44338
44;113978;28244;65.08;62;44378
44;114008;28264;65.08;62;44418
44;114043;28271;65.08;62;44458
44;114099;28276;65.08;62;44498
44;114139;28269;65.08;62;44539
44;114171;28282;65.08;62;44579
44;114178;28281;65.08;62;44619
44;114192;28255;65.08;62;44659
44;114200;28259;65.08;62;44699
44;114258;28274;65.08;62;44739
44;114292;28283;74.81;62;44779
44;114322;28291;74.81;62;44819
44;114236;28262;74.81;62;44859
44;113893;28232;74.81;62;44900
44;113720;28233;74.81;62;44940
44;113756;28233;74.81;62;44980
45;113814;28215;74.81;62;45020
45;113829;28226;74.81;62;45060
45;113900;28223;74.81;62;45100
45;113949;28243;74.81;62;45140
45;113955;28250;74.81;62;45180
45;113960;28257;74.81;62;45220
45;113993;28251;74.81;62;45261
45;114061;28254;74.81;62;45301
45;114112;28268;74.81;62;45341
45;114122;28238;74.81;62;45381
45;114161;28258;74.81;62;45421
45;114186;28250;74.81;62;45461
45;114221;28262;74.81;62;45501
45;114256;28276;74.81;62;45541
45;114280;28269;74.81;62;45581
45;114067;28231;74.81;62;45622
45;113747;28202;74.81;62;45662
45;113607;28210;65.01;59;45702
45;113652;28202;65.01;59;45742
45;113724;28212;65.01;59;45782
45;113732;28202;65.01;59;45822
45;113806;28224;65.01;59;45862
45;113876;28233;65.01;59;45902
45;113900;28235;65.01;59;45942
45;113923;28246;65.01;59;45983
46;113967;28247;65.01;59;46023
46;114011;28249;65.01;59;46063
46;114016;28242;65.01;59;46103
46;114078;28233;65.01;59;46143
46;114086;28233;65.01;59;46183
46;114136;28246;65.01;59;46223
46;114177;28267;65.01;59;46263
46;114204;28264;65.01;59;46303
46;114224;28262;65.01;59;46344
46;113997;28221;65.01;59;46384
46;113665;28204;65.01;59;46424
46;113536;28204;65.01;59;46464
46;113638;28190;74.81;69;46504
46;113699;28192;74.81;69;46544
46;113765;28203;74.81;69;46584
46;113851;28225;74.81;69;46624
46;113906;28229;74.81;69;46664
46;113925;28231;74.81;69;46704
46;113929;28234;74.81;69;46745
46;113958;28239;74.81;69;46785
46;113985;28241;74.81;69;46825
46;113992;28217;74.81;69;46865
46;113970;28215;74.81;69;46905
46;114010;28216;74.81;69;46945
46;114058;28233;74.81;69;46985
47;114081;28243;74.81;69;47025
47;114114;28255;74.81;69;47065
47;114142;28244;74.81;69;47106
47;114169;28251;74.81;69;47146
47;114122;28231;74.81;69;47186
47;113753;28176;83.10;74;47226
47;113512;28168;83.10;74;47266
47;113562;28165;83.10;74;47306
47;113672;28188;83.10;74;47346
47;113706;28205;83.10;74;47386
47;113754;28217;83.10;74;47426
47;113816;28220;83.10;74;47467
47;113846;28221;83.10;74;47507
47;113870;28221;83.10;74;47547
47;113864;28212;83.10;74;47587
47;113918;28215;83.10;74;47627
47;113952;28202;83.10;74;47667
47;114034;28221;83.10;74;47707
47;114066;28239;83.10;74;47747
47;114093;28235;83.10;74;47787
47;114120;28242;83.10;74;47827
47;114145;28244;83.10;74;47868
47;114181;28246;83.10;74;47908
47;114195;28255;83.10;74;47948
47;114187;28218;83.10;74;47988
48;113872;28167;74.81;74;48028
48;113527;28145;74.81;74;48068
48;113455;28167;74.81;74;48108
48;113572;28185;74.81;74;48148
48;113647;28198;74.81;74;48188
48;113688;28197;74.81;74;48229
48;113770;28213;74.81;74;48269
48;113844;28213;74.81;74;48309
48;113835;28188;74.81;74;48349
48;113862;28201;74.81;74;48389
48;113922;28199;74.81;74;48429
48;114008;28214;74.81;74;48469
48;114065;28233;74.81;74;48509
48;114111;28234;74.81;74;48549
48;114140;28231;74.81;74;48590
48;114168;28243;74.81;74;48630
48;114185;28247;74.81;74;48670
48;114180;28218;74.81;74;48710
48;114220;28228;74.81;74;48750
48;114237;28206;74.81;74;48790
48;114022;28188;74.81;76;48830
48;113695;28177;74.81;76;48870
48;113604;28174;74.81;76;48910
48;113730;28187;74.81;76;48951
48;113798;28199;74.81;76;48991
49;113839;28203;74.81;76;49031
49;113880;28202;74.81;76;49071
49;113929;28191;74.81;76;49111
49;113926;28176;74.81;76;49151
49;113973;28202;74.81;76;49191
49;114027;28218;74.81;76;49231
49;114081;28222;74.81;76;49271
49;114133;28221;74.81;76;49312
49;114176;28232;74.81;76;49352
49;114210;28232;74.81;76;49392
49;114215;28231;74.81;76;49432
49;114244;28213;74.81;76;49472
49;114260;28199;74.81;76;49512
49;114103;28187;83.10;78;49552
49;113811;28177;83.10;78;49592
49;113730;28178;83.10;78;49632
49;113850;28197;83.10;78;49673
49;113941;28206;83.10;78;49713
49;114001;28211;83.10;78;49753
49;114039;28205;83.10;78;49793
49;114090;28200;83.10;78;49833
49;114079;28187;83.10;78;49873
49;114119;28201;83.10;78;49913
49;114189;28227;83.10;78;49953
49;114255;28226;83.10;78;49993
50;114311;28237;83.10;78;50034
50;114343;28233;83.10;78;50074
50;114364;28240;83.10;78;50114
50;114369;28234;83.10;78;50154
50;114409;28225;83.10;78;50194
50;114240;28176;83.10;78;50234
50;113941;28170;83.10;78;50274
50;113792;28180;83.10;78;50314
50;113856;28180;83.10;78;50354
50;113907;28194;83.10;78;50395
50;113935;28197;83.10;78;50435
50;114008;28197;83.10;78;50475
50;114001;28186;83.10;78;50515
50;113994;28191;83.10;78;50555
50;114003;28181;83.10;78;50595
50;114057;28197;83.10;78;50635
50;114117;28216;83.10;78;50675
50;114142;28219;83.10;78;50715
50;114158;28215;83.10;78;50756
50;114180;28225;83.10;78;50796
50;114199;28227;83.10;78;50836
50;114165;28196;83.10;78;50876
50;113912;28162;83.10;78;50916
50;113488;28111;83.10;78;50956
50;113352;28137;83.10;78;50996
51;113505;28157;83.10;78;51036
51;113604;28170;83.10;78;51076
51;113676;28180;83.10;78;51117
51;113777;28192;83.10;78;51157
51;113854;28196;83.10;78;51197
51;113817;28181;83.10;78;51237
51;113846;28178;83.10;78;51277
51;113877;28168;83.10;78;51317
51;113967;28193;83.10;78;51357
51;114011;28212;83.10;78;51397
51;114044;28211;83.10;78;51437
51;114059;28211;83.10;78;51478
51;114096;28209;83.10;78;51518
51;114120;28216;83.10;78;51558
51;114112;28210;83.10;78;51598
51;114038;28161;83.10;78;51638
51;113612;28103;83.10;78;51678
51;113094;28090;83.10;78;51718
51;113090;28119;83.10;78;51758
51;113248;28124;83.10;78;51798
51;113293;28132;83.10;78;51838
51;113353;28147;83.10;78;51879
51;113490;28154;83.10;78;51919
51;113538;28163;83.10;78;51959
51;113528;28134;83.10;78;51999
52;113541;28137;83.10;78;52039
52;113643;28149;83.10;78;52079
52;113752;28168;83.10;78;52119
52;113810;28174;83.10;78;52159
52;113850;28183;83.10;78;52199
52;113896;28177;83.10;78;52240
52;113924;28185;83.10;78;52280
52;113938;28193;83.10;78;52320
52;113941;28159;83.10;78;52360
52;113953;28164;83.10;78;52400
52;114013;28175;83.10;78;52440
52;114074;28191;83.10;78;52480
52;114051;28166;83.10;78;52520
52;113563;28080;83.10;78;52560
52;112525;28013;19.68;78;52601
52;112321;28033;19.68;78;52641
52;112609;28058;19.68;78;52681
52;112742;28038;19.68;78;52721
52;112817;28066;19.68;78;52761
52;113109;28084;19.68;78;52801
52;113318;28108;19.68;78;52841
52;113378;28125;19.68;78;52881
52;113434;28137;19.68;78;52921
52;113508;28140;19.68;78;52962
52;113615;28152;19.68;78;53002
53;113690;28151;19.68;78;53042
53;113716;28138;19.68;78;53082
53;113765;28149;19.68;78;53122
53;113826;28137;19.68;78;53162
53;113880;28156;19.68;78;53202
53;113919;28171;19.68;78;53242
53;113951;28171;19.68;78;53282
53;113992;28171;19.68;78;53323
53;114024;28181;19.68;78;53363
53;114045;28177;19.68;78;53403
53;113674;28054;71.26;75;53443
53;112309;27943;71.26;75;53483
53;111847;27952;71.26;75;53523
53;112201;28011;71.26;75;53563
53;112551;28046;71.26;75;53603
53;112749;28073;71.26;75;53643
53;112979;28089;71.26;75;53684
53;113120;28098;71.26;75;53724
53;113146;28099;71.26;75;53764
53;113167;28086;71.26;75;53804
53;113289;28095;71.26;75;53844
53;113459;28113;71.26;75;53884
53;113579;28131;71.26;75;53924
53;113650;28148;71.26;75;53964
53;113727;28161;71.26;75;54004
54;113768;28156;71.26;75;54045
54;113822;28163;71.26;75;54085
54;113858;28166;71.26;75;54125
54;113873;28145;71.26;75;54165
54;113907;28152;71.26;75;54205
54;113982;28148;71.26;75;54245
54;113738;28075;71.26;75;54285
54;112271;27941;68.03;74;54325
54;111633;27946;68.03;74;54365
54;111875;27974;68.03;74;54406
54;112175;28006;68.03;74;54446
54;112305;28024;68.03;74;54486
54;112514;28026;68.03;74;54526
54;112732;28045;68.03;74;54566
54;112824;28040;68.03;74;54606
54;112880;28065;68.03;74;54646
54;113020;28096;68.03;74;54686
54;113249;28117;68.03;74;54726
54;113430;28131;68.03;74;54767
54;113543;28131;68.03;74;54807
54;113625;28145;68.03;74;54847
54;113659;28132;68.03;74;54887
54;113705;28133;68.03;74;54927
54;113781;28130;68.03;74;54967
54;113838;28153;68.03;74;55007
55;113891;28167;68.03;74;55047
55;113950;28167;68.03;74;55087
55;113874;28128;68.03;74;55128
55;112784;27971;71.17;73;55168
55;111676;27938;71.17;73;55208
55;111769;27939;71.17;73;55248
55;112151;27983;71.17;73;55288
55;112379;28008;71.17;73;55328
55;112543;28040;71.17;73;55368
55;112796;28057;71.17;73;55408
55;112929;28075;71.17;73;55448
55;112948;28075;71.17;73;55489
55;113034;28092;71.17;73;55529
55;113187;28102;71.17;73;55569
55;113347;28093;71.17;73;55609
55;113482;28108;71.17;73;55649
55;113584;28113;71.17;73;55689
55;113657;28135;71.17;73;55729
55;113712;28142;71.17;73;55769
55;113774;28153;71.17;73;55809
55;113825;28151;71.17;73;55850
55;113851;28139;71.17;73;55890
55;113217;28012;71.17;73;55930
55;111720;27891;71.17;73;55970
55;111578;27918;71.26;70;56010
56;111927;27944;71.26;70;56050
56;112173;27979;71.26;70;56090
56;112281;28007;71.26;70;56130
56;112498;28021;71.26;70;56170
56;112557;28021;71.26;70;56211
56;112595;28032;71.26;70;56251
56;112668;28042;71.26;70;56291
56;112827;28045;71.26;70;56331
56;113087;28078;71.26;70;56371
56;113278;28075;71.26;70;56411
56;113436;28101;71.26;70;56451
56;113532;28119;71.26;70;56491
56;113624;28131;71.26;70;56531
56;113688;28140;71.26;70;56572
56;113750;28140;71.26;70;56612
56;113476;28048;71.26;70;56652
56;112026;27911;71.26;70;56692
56;111622;27911;71.26;70;56732
56;111892;27947;71.26;70;56772
56;112224;27977;74.81;71;56812
56;112406;28021;74.81;71;56852
56;112639;28027;74.81;71;56892
56;112758;28039;74.81;71;56933
56;112761;28040;74.81;71;56973
56;112789;28049;74.81;71;57013
57;112886;28059;74.81;71;57053
57;113120;28063;74.81;71;57093
57;113286;28077;74.81;71;57133
57;113423;28096;74.81;71;57173
57;113517;28113;74.81;71;57213
57;113578;28116;74.81;71;57253
57;113645;28123;74.81;71;57294
57;113726;28130;74.81;71;57334
57;113649;28076;74.81;71;57374
57;112303;27899;74.81;71;57414
57;111403;27859;93.46;77;57454
57;111506;27881;93.46;77;57494
57;111823;27924;93.46;77;57534
57;111997;27950;93.46;77;57574
57;112182;27985;93.46;77;57614
57;112399;27992;93.46;77;57654
57;112363;27981;93.46;77;57695
57;112382;27990;93.46;77;57735
57;112483;28012;93.46;77;57775
57;112654;28006;93.46;77;57815
57;112861;28027;93.46;77;57855
57;113079;28052;93.46;77;57895
57;113221;28076;93.46;77;57935
57;113312;28082;93.46;77;57975
57;113414;28097;93.46;77;58015
58;113509;28102;93.46;77;58056
58;113588;28104;93.46;77;58096
58;113431;28028;93.46;77;58136
58;111887;27855;93.46;77;58176
58;111271;27833;93.46;77;58216
58;111477;27875;93.46;77;58256
58;111806;27920;71.26;77;58296
58;111913;27936;71.26;77;58336
58;112093;27956;71.26;77;58376
58;112270;27963;71.26;77;58417
58;112275;27963;71.26;77;58457
58;112264;27973;71.26;77;58497
58;112343;27957;71.26;77;58537
58;112483;27979;71.26;77;58577
58;112726;28008;71.26;77;58617
58;112883;28030;71.26;77;58657
58;112982;28033;71.26;77;58697
58;113070;28047;71.26;77;58737
58;113135;28050;71.26;77;58778
58;113241;28057;71.26;77;58818
58;113271;28039;71.26;77;58858
58;112340;27862;71.26;77;58898
58;111103;27811;71.26;77;58938
58;111109;27829;71.26;77;58978
58;111464;27879;71.26;77;59018
59;111723;27912;78.74;79;59058
59;111989;27950;78.74;79;59098
59;112230;27961;78.74;79;59139
59;112191;27948;78.74;79;59179
59;112166;27953;78.74;79;59219
59;112274;27957;78.74;79;59259
59;112493;27985;78.74;79;59299
59;112798;28016;78.74;79;59339
59;113009;28034;78.74;79;59379
59;113138;28048;78.74;79;59419
59;113263;28070;78.74;79;59459
59;113360;28079;78.74;79;59500
59;113451;28079;78.74;79;59540
59;113403;28038;78.74;79;59580
59;112110;27849;78.74;79;59620
59;111121;27833;78.74;79;59660
59;111277;27857;93.46;83;59700
59;111550;27899;93.46;83;59740
59;111696;27922;93.46;83;59780
59;111878;27946;93.46;83;59820
59;112050;27959;93.46;83;59861
59;112114;27961;93.46;83;59901
59;112142;27971;93.46;83;59941
59;112327;27968;93.46;83;59981
60;112559;27997;93.46;83;60021
60;112838;28023;93.46;83;60061
60;113057;28048;93.46;83;60101
60;113211;28063;93.46;83;60141
60;113324;28081;93.46;83;60181
60;113440;28082;93.46;83;60222
60;113521;28099;93.46;83;60262
60;113571;28093;93.46;83;60302
60;113302;28032;93.46;83;60342
60;112879;28009;93.46;83;60382
60;112962;28037;83.10;81;60422
60;113210;28066;83.10;81;60462
60;113322;28078;83.10;81;60502
60;113381;28097;83.10;81;60542
60;113455;28092;83.10;81;60583
60;113511;28094;83.10;81;60623
60;113525;28100;83.10;81;60663
60;113504;28073;83.10;81;60703
60;113581;28082;83.10;81;60743
60;113637;28078;83.10;81;60783
60;113722;28092;83.10;81;60823
60;113756;28108;83.10;81;60863
60;113783;28112;83.10;81;60903
60;113818;28111;83.10;81;60944
60;113844;28115;83.10;81;60984
61;113859;28119;83.10;81;61024
61;113833;28078;83.10;81;61064
61;113491;28025;83.10;81;61104
61;112585;27943;83.10;81;61144
61;112272;27972;83.10;81;61184
61;112550;28019;83.10;81;61224
61;112794;28033;83.10;81;61264
61;112967;28056;83.10;81;61305
61;113142;28065;83.10;81;61345
61;113237;28070;83.10;81;61385
61;113246;28059;83.10;81;61425
61;113322;28063;83.10;81;61465
61;113401;28053;83.10;81;61505
61;113521;28087;83.10;81;61545
61;113584;28100;83.10;81;61585
61;113638;28104;83.10;81;61625
61;113697;28114;83.10;81;61666
61;113725;28112;83.10;81;61706
61;113757;28120;83.10;81;61746
61;113743;28112;83.10;81;61786
61;113806;28105;83.10;81;61826
61;113838;28096;41.55;73;61866
61;113866;28101;41.55;73;61906
61;113424;28028;41.55;73;61946
61;112219;27934;41.55;73;61986
62;111947;27963;41.55;73;62027
62;112321;27999;41.55;73;62067
62;112578;28028;41.55;73;62107
62;112682;28022;41.55;73;62147
62;112936;28046;41.55;73;62187
62;113077;28035;41.55;73;62227
62;113165;28059;41.55;73;62267
62;113251;28079;41.55;73;62307
62;113354;28087;41.55;73;62347
62;113459;28094;41.55;73;62388
62;113536;28109;41.55;73;62428
62;113603;28112;41.55;73;62468
62;113609;28098;41.55;73;62508
62;113662;28100;41.55;73;62548
62;113716;28090;41.55;73;62588
62;113778;28114;41.55;73;62628
62;113834;28126;41.55;73;62668
62;113887;28133;41.55;73;62708
62;113791;28098;41.55;73;62749
62;113135;28013;65.01;70;62789
62;112428;27998;65.01;70;62829
62;112470;28010;65.01;70;62869
62;112806;28031;65.01;70;62909
62;112957;28027;65.01;70;62949
62;113119;28065;65.01;70;62989
63;113247;28078;65.01;70;63029
63;113299;28087;65.01;70;63069
63;113337;28092;65.01;70;63110
63;113397;28096;65.01;70;63150
63;113485;28110;65.01;70;63190
63;113528;28099;65.01;70;63230
63;113601;28091;65.01;70;63270
63;113644;28086;65.01;70;63310
63;113724;28107;65.01;70;63350
63;113769;28125;65.01;70;63390
63;113799;28118;65.01;70;63430
63;113835;28122;65.01;70;63471
63;113867;28118;65.01;70;63511
63;113661;28070;78.74;66;63551
63;112742;27962;78.74;66;63591
63;112260;27964;78.74;66;63631
63;112473;27983;78.74;66;63671
63;112756;28019;78.74;66;63711
63;112925;28048;78.74;66;63751
63;113106;28056;78.74;66;63791
63;113203;28070;78.74;66;63832
63;113237;28061;78.74;66;63872
63;113285;28069;78.74;66;63912
63;113348;28079;78.74;66;63952
63;113465;28073;78.74;66;63992
64;113538;28072;78.74;66;64032
64;113631;28091;78.74;66;64072
64;113691;28107;78.74;66;64112
64;113724;28113;78.74;66;64152
64;113749;28118;78.74;66;64193
64;113789;28114;78.74;66;64233
64;113818;28122;78.74;66;64273
64;113836;28108;78.74;66;64313
64;113576;28017;74.81;64;64353
64;112495;27919;74.81;64;64393
64;111954;27935;74.81;64;64433
64;112192;27965;74.81;64;64473
64;112458;27991;74.81;64;64513
64;112545;28010;74.81;64;64553
64;112748;28035;74.81;64;64594
64;112956;28058;74.81;64;64634
64;113044;28057;74.81;64;64674
64;113103;28034;74.81;64;64714
64;113190;28046;74.81;64;64754
64;113324;28053;74.81;64;64794
64;113449;28072;74.81;64;64834
64;113512;28093;74.81;64;64874
64;113592;28107;74.81;64;64914
64;113637;28097;74.81;64;64955
64;113681;28111;74.81;64;64995
65;113728;28116;74.81;64;65035
65;113740;28089;74.81;64;65075
65;113794;28094;74.81;64;65115
65;113838;28090;74.81;64;65155
65;113711;28058;71.26;72;65195
65;112739;27960;71.26;72;65235
65;111828;27923;71.26;72;65275
65;111887;27959;71.26;72;65316
65;112235;27979;71.26;72;65356
65;112364;27992;71.26;72;65396
65;112446;27989;71.26;72;65436
65;112708;28019;71.26;72;65476
65;112877;28004;71.26;72;65516
65;112993;28034;71.26;72;65556
65;113121;28061;71.26;72;65596
65;113254;28065;71.26;72;65636
65;113384;28087;71.26;72;65677
65;113477;28097;71.26;72;65717
65;113552;28096;71.26;72;65757
65;113562;28095;71.26;72;65797
65;113622;28079;71.26;72;65837
65;113645;28077;71.26;72;65877
65;113719;28096;71.26;72;65917
65;113765;28109;71.26;72;65957
65;113801;28112;71.26;72;65997
66;113857;28115;71.26;72;66037
66;113742;28081;67.95;72;66078
66;112946;27981;67.95;72;66118
66;112133;27957;67.95;72;66158
66;112209;27959;67.95;72;66198
66;112513;27975;67.95;72;66238
66;112667;27997;67.95;72;66278
66;112824;28029;67.95;72;66318
66;113060;28051;67.95;72;66358
66;113177;28055;67.95;72;66398
66;113235;28060;67.95;72;66439
66;113324;28072;67.95;72;66479
66;113394;28079;67.95;72;66519
66;113448;28046;67.95;72;66559
66;113513;28069;67.95;72;66599
66;113595;28065;67.95;72;66639
66;113637;28073;67.95;72;66679
66;113686;28103;67.95;72;66719
66;113722;28101;67.95;72;66759
66;113770;28111;67.95;72;66800
66;113815;28107;67.95;72;66840
66;113865;28114;74.81;71;66880
66;113786;28066;74.81;71;66920
66;113112;27967;74.81;71;66960
66;112150;27920;74.81;71;67000
67;112182;27955;74.81;71;67040
67;112471;28001;74.81;71;67080
67;112637;28009;74.81;71;67120
67;112812;28035;74.81;71;67161
67;113002;28040;74.81;71;67201
67;113065;28046;74.81;71;67241
67;113074;28042;74.81;71;67281
67;113175;28044;74.81;71;67321
67;113274;28049;74.81;71;67361
67;113423;28072;74.81;71;67401
67;113506;28087;74.81;71;67441
67;113556;28083;74.81;71;67481
67;113609;28098;74.81;71;67521
67;113655;28091;74.81;71;67562
67;113698;28100;74.81;71;67602
67;113708;28104;74.81;71;67642
67;113749;28080;74.81;71;67682
67;113770;28087;74.81;71;67722
67;113629;28030;68.03;70;67762
67;112701;27959;68.03;70;67802
67;112053;27942;68.03;70;67842
67;112252;27989;68.03;70;67882
67;112608;28016;68.03;70;67923
67;112806;28035;68.03;70;67963
67;113004;28053;68.03;70;68003
68;113179;28044;68.03;70;68043
68;113261;28044;68.03;70;68083
68;113350;28041;68.03;70;68123
68;113443;28067;68.03;70;68163
68;113538;28082;68.03;70;68203
68;113638;28093;68.03;70;68243
68;113688;28100;68.03;70;68284
68;113731;28106;68.03;70;68324
68;113766;28105;68.03;70;68364
68;113751;28079;68.03;70;68404
68;113791;28092;68.03;70;68444
68;113817;28076;68.03;70;68484
68;113851;28102;78.74;71;68524
68;113901;28118;78.74;71;68564
68;113888;28098;78.74;71;68604
68;113482;28038;78.74;71;68645
68;112737;28001;78.74;71;68685
68;112691;28026;78.74;71;68725
68;112964;28041;78.74;71;68765
68;113129;28025;78.74;71;68805
68;113131;28028;78.74;71;68845
68;113285;28050;78.74;71;68885
68;113391;28070;78.74;71;68925
68;113424;28067;78.74;71;68965
68;113478;28090;78.74;71;69005
69;113562;28089;78.74;71;69046
69;113648;28106;78.74;71;69086
69;113698;28117;78.74;71;69126
69;113745;28101;78.74;71;69166
69;113764;28099;78.74;71;69206
69;113840;28114;78.74;71;69246
69;113893;28132;78.74;71;69286
69;113915;28139;78.74;71;69326
69;113974;28156;71.26;72;69366
69;113997;28141;71.26;72;69407
69;113794;28094;71.26;72;69447
69;112955;28013;71.26;72;69487
69;112351;27967;71.26;72;69527
69;112424;27980;71.26;72;69567
69;112676;28005;71.26;72;69607
69;112751;28017;71.26;72;69647
69;112903;28044;71.26;72;69687
69;113116;28053;71.26;72;69727
69;113200;28056;71.26;72;69768
69;113256;28055;71.26;72;69808
69;113301;28068;71.26;72;69848
69;113379;28039;71.26;72;69888
69;113423;28055;71.26;72;69928
69;113504;28052;71.26;72;69968
69;113564;28075;71.26;72;70008
70;113606;28091;71.26;72;70048
70;113654;28098;71.26;72;70088
70;113684;28102;71.26;72;70129
70;113734;28110;71.26;72;70169
70;113755;28107;71.26;72;70209
70;113634;28047;71.26;72;70249
70;112823;27949;71.26;72;70289
70;112016;27911;71.26;72;70329
70;112040;27961;59.82;69;70369
70;112290;27969;59.82;69;70409
70;112327;27976;59.82;69;70449
70;112409;27996;59.82;69;70490
70;112720;28019;59.82;69;70530
70;112915;28028;59.82;69;70570
70;112973;28009;59.82;69;70610
70;113072;28027;59.82;69;70650
70;113254;28026;59.82;69;70690
70;113382;28052;59.82;69;70730
70;113474;28071;59.82;69;70770
70;113540;28074;59.82;69;70810
70;113581;28072;59.82;69;70851
70;113617;28076;59.82;69;70891
70;113665;28081;59.82;69;70931
70;113679;28056;59.82;69;70971
70;113725;28068;59.82;69;71011
71;113664;28020;59.82;69;71051
71;112816;27930;59.82;69;71091
71;112053;27916;78.74;71;71131
71;112131;27942;78.74;71;71171
71;112390;27963;78.74;71;71212
71;112456;27965;78.74;71;71252
71;112625;28001;78.74;71;71292
71;112853;27991;78.74;71;71332
71;112917;27999;78.74;71;71372
71;112947;27991;78.74;71;71412
71;113096;28023;78.74;71;71452
71;113254;28052;78.74;71;71492
71;113395;28061;78.74;71;71532
71;113489;28067;78.74;71;71573
71;113542;28076;78.74;71;71613
71;113588;28078;78.74;71;71653
71;113592;28067;78.74;71;71693
71;113654;28066;78.74;71;71733
71;113575;28020;78.74;71;71773
71;112809;27933;78.74;71;71813
71;111981;27907;78.74;71;71853
71;112002;27931;78.74;71;71893
71;112209;27951;78.74;71;71934
71;112279;27956;78.74;71;71974
71;112475;27983;78.74;71;72014
72;112688;27995;78.74;71;72054
72;112783;27986;78.74;71;72094
72;112795;27975;78.74;71;72134
72;112928;28015;78.74;71;72174
72;113088;28032;78.74;71;72214
72;113211;28045;78.74;71;72254
72;113309;28056;78.74;71;72295
72;113384;28059;78.74;71;72335
72;113462;28077;78.74;71;72375
72;113488;28066;78.74;71;72415
72;113566;28065;78.74;71;72455
72;113590;28041;78.74;71;72495
72;113321;28001;78.74;71;72535
72;112364;27935;78.74;71;72575
72;111958;27925;78.74;71;72615
72;112080;27944;78.74;73;72656
72;112166;27940;78.74;73;72696
72;112159;27955;78.74;73;72736
72;112364;27969;78.74;73;72776
72;112602;27979;78.74;73;72816
72;112689;27965;78.74;73;72856
72;112776;27992;78.74;73;72896
72;112891;28014;78.74;73;72936
72;113019;28018;78.74;73;72976
72;113118;28029;78.74;73;73017
73;113212;28029;78.74;73;73057
73;113264;28038;78.74;73;73097
73;113277;28016;78.74;73;73137
73;113332;28028;78.74;73;73177
73;113382;28019;78.74;73;73217
73;113473;28039;78.74;73;73257
73;113546;28052;78.74;73;73297
73;113316;27990;78.74;73;73337
73;112325;27896;78.74;73;73378
73;111781;27885;78.64;78;73418
73;111925;27917;78.64;78;73458
73;112049;27906;78.64;78;73498
73;112083;27922;78.64;78;73538
73;112314;27935;78.64;78;73578
73;112602;27970;78.64;78;73618
73;112748;27987;78.64;78;73658
73;112803;27996;78.64;78;73698
73;112893;28007;78.64;78;73739
73;113029;28020;78.64;78;73779
73;113133;28029;78.64;78;73819
73;113178;28007;78.64;78;73859
73;113219;28010;78.64;78;73899
73;113287;28007;78.64;78;73939
73;113353;28032;78.64;78;73979
74;113399;28044;78.64;78;74019
74;113448;28047;78.64;78;74059
74;113505;28059;78.64;78;74100
74;113568;28055;78.64;78;74140
74;113511;28027;78.74;78;74180
74;112845;27910;78.74;78;74220
74;111867;27862;78.74;78;74260
74;111830;27869;78.74;78;74300
74;112060;27911;78.74;78;74340
74;112138;27911;78.74;78;74380
74;112283;27948;78.74;78;74420
74;112614;27971;78.74;78;74461
74;112828;27984;78.74;78;74501
74;112919;27990;78.74;78;74541
74;112954;27967;78.74;78;74581
74;113022;27988;78.74;78;74621
74;113137;27989;78.74;78;74661
74;113243;28005;78.74;78;74701
74;113314;28018;78.74;78;74741
74;113378;28038;78.74;78;74781
74;113440;28037;78.74;78;74822
74;113493;28043;78.74;78;74862
74;113547;28042;78.74;78;74902
74;113557;28033;78.74;78;74942
74;113606;28044;78.74;78;74982
75;113551;27999;71.26;76;75022
75;113138;27956;71.26;76;75062
75;112699;27968;71.26;76;75102
75;112865;27984;71.26;76;75142
75;113045;28005;71.26;76;75183
75;113100;28009;71.26;76;75223
75;113177;28007;71.26;76;75263
75;113234;27993;71.26;76;75303
75;113252;28005;71.26;76;75343
75;113294;28003;71.26;76;75383
75;113350;28014;71.26;76;75423
75;113415;28025;71.26;76;75463
75;113490;28045;71.26;76;75503
75;113551;28042;71.26;76;75544
75;113605;28054;71.26;76;75584
75;113608;28057;71.26;76;75624
75;113624;28032;71.26;76;75664
75;113649;28043;71.26;76;75704
75;113706;28029;71.26;76;75744
75;113493;28010;71.26;76;75784
75;113019;27976;71.26;76;75824
75;112875;27995;71.26;76;75864
75;113070;28015;71.26;76;75905
75;113194;28019;71.26;76;75945
75;113219;28029;71.26;76;75985
76;113320;28008;71.26;76;76025
76;113358;28002;71.26;76;76065
76;113406;28015;71.26;76;76105
76;113447;28037;71.26;76;76145
76;113505;28039;71.26;76;76185
76;113575;28050;71.26;76;76226
76;113638;28048;71.26;76;76266
76;113671;28064;71.26;76;76306
76;113676;28054;71.26;76;76346
76;113713;28044;71.26;76;76386
76;113718;28033;71.26;76;76426
76;113788;28054;71.26;76;76466
76;113688;28036;71.26;76;76506
76;113187;27979;71.26;76;76546
76;112661;27960;71.26;76;76587
76;112761;27987;71.26;76;76627
76;112937;27996;71.26;76;76667
76;112943;27979;71.26;76;76707
76;113023;27988;71.26;76;76747
76;113152;27986;71.26;76;76787
76;113236;28007;71.26;76;76827
76;113264;28014;71.26;76;76867
76;113328;28030;71.26;76;76907
76;113397;28034;71.26;76;76948
76;113481;28038;71.26;76;76988
77;113524;28049;71.26;76;77028
77;113554;28027;71.26;76;77068
77;113583;28021;71.26;76;77108
77;113632;28043;71.26;76;77148
77;113694;28053;71.26;76;77188
77;113709;28051;71.26;76;77228
77;113437;28008;71.26;76;77269
77;113038;27978;71.26;76;77309
77;112962;27995;71.26;76;77349
77;113060;27998;25.35;63;77389
77;113142;27987;25.35;63;77429
77;113152;27986;25.35;63;77469
77;113280;28011;25.35;63;77509
77;113359;28031;25.35;63;77549
77;113393;28026;25.35;63;77589
77;113422;28044;25.35;63;77630
77;113497;28041;25.35;63;77670
77;113560;28057;25.35;63;77710
77;113574;28034;25.35;63;77750
77;113611;28051;25.35;63;77790
77;113644;28043;25.35;63;77830
77;113689;28052;25.35;63;77870
77;113721;28066;25.35;63;77910
77;113748;28070;25.35;63;77950
77;113671;28042;99.83;68;77991
78;113256;28000;99.83;68;78031
78;112801;27979;99.83;68;78071
78;112841;27969;99.83;68;78111
78;112994;27987;99.83;68;78151
78;113051;27978;99.83;68;78191
78;113156;28003;99.83;68;78231
78;113278;28004;99.83;68;78271
78;113347;28028;99.83;68;78311
78;113377;28030;99.83;68;78352
78;113446;28043;99.83;68;78392
78;113513;28047;99.83;68;78432
78;113560;28042;99.83;68;78472
78;113598;28049;99.83;68;78512
78;113670;28049;99.83;68;78552
78;113719;28067;99.83;68;78592
78;113754;28077;99.83;68;78632
78;113805;28083;99.83;68;78672
78;113821;28070;99.83;68;78713
78;113473;28014;99.83;68;78753
78;112614;27956;74.72;67;78793
78;112416;27930;74.72;67;78833
78;112597;27960;74.72;67;78873
78;112688;27945;74.72;67;78913
78;112719;27980;74.72;67;78953
78;112965;28013;74.72;67;78993
79;113143;28025;74.72;67;79033
79;113213;28025;74.72;67;79074
79;113257;28029;74.72;67;79114
79;113313;28041;74.72;67;79154
79;113394;28025;74.72;67;79194
79;113470;28026;74.72;67;79234
79;113545;28039;74.72;67;79274
79;113608;28058;74.72;67;79314
79;113632;28054;74.72;67;79354
79;113672;28060;74.72;67;79395
79;113721;28067;74.72;67;79435
79;113674;28052;74.72;67;79475
79;113004;27940;74.72;67;79515
79;112224;27891;74.72;67;79555
79;112257;27897;74.72;67;79595
79;112362;27899;71.26;67;79635
79;112252;27903;71.26;67;79675
79;112338;27934;71.26;67;79715
79;112641;27960;71.26;67;79756
79;112796;27965;71.26;67;79796
79;112866;27984;71.26;67;79836
79;112915;27972;71.26;67;79876
79;113054;27989;71.26;67;79916
79;113217;27980;71.26;67;79956
79;113335;28009;71.26;67;79996
80;113414;28021;71.26;67;80036
80;113468;28036;71.26;67;80076
80;113505;28040;71.26;67;80117
80;113554;28048;71.26;67;80157
80;113602;28047;71.26;67;80197
80;113556;28001;71.26;67;80237
80;112823;27881;71.26;67;80277
80;111740;27825;71.26;67;80317
80;111673;27853;71.26;67;80357
80;111899;27876;71.26;67;80397
80;111945;27885;74.81;79;80437
80;112008;27896;74.81;79;80478
80;112277;27932;74.81;79;80518
80;112398;27935;74.81;79;80558
80;112473;27917;74.81;79;80598
80;112534;27914;74.81;79;80638
80;112734;27953;74.81;79;80678
80;112919;27975;74.81;79;80718
80;113046;27986;74.81;79;80758
80;113142;27995;74.81;79;80799
80;113207;28004;74.81;79;80839
80;113258;28014;74.81;79;80879
80;113281;28001;74.81;79;80919
80;113354;27993;74.81;79;80959
80;113327;27958;74.81;79;80999
81;112668;27857;74.81;79;81039
81;111552;27810;74.81;79;81079
81;111468;27830;74.81;79;81119
81;111755;27856;74.81;79;81160
81;111863;27859;78.64;74;81200
81;111943;27881;78.64;74;81240
81;112149;27882;78.64;74;81280
81;112315;27896;78.64;74;81320
81;112408;27894;78.64;74;81360
81;112534;27924;78.64;74;81400
81;112719;27954;78.64;74;81440
81;112905;27967;78.64;74;81480
81;113012;27974;78.64;74;81521
81;113088;27980;78.64;74;81561
81;113145;27992;78.64;74;81601
81;113174;27967;78.64;74;81641
81;113240;27990;78.64;74;81681
81;113316;27972;78.64;74;81721
81;113287;27961;78.64;74;81761
81;112508;27870;78.64;74;81801
81;111691;27834;78.64;74;81841
81;111815;27870;87.98;77;81882
81;112224;27922;87.98;77;81922
81;112438;27929;87.98;77;81962
81;112640;27934;87.98;77;82002
82;112806;27936;87.98;77;82042
82;112899;27934;87.98;77;82082
82;112932;27950;87.98;77;82122
82;113012;27973;87.98;77;82162
82;113126;27988;87.98;77;82202
82;113218;27987;87.98;77;82243
82;113272;27995;87.98;77;82283
82;113304;28002;87.98;77;82323
82;113324;27982;87.98;77;82363
82;113343;27977;87.98;77;82403
82;113421;27989;106.95;86;82443
82;113418;27981;106.95;86;82483
82;112804;27877;106.95;86;82523
82;111838;27838;106.95;86;82563
82;111846;27878;106.95;86;82604
82;112260;27913;106.95;86;82644
82;112459;27926;106.95;86;82684
82;112665;27916;106.95;86;82724
82;112799;27918;106.95;86;82764
82;112872;27936;106.95;86;82804
82;112908;27954;106.95;86;82844
82;112976;27962;106.95;86;82884
82;113083;27970;106.95;86;82925
82;113184;27974;106.95;86;82965
82;113255;27987;106.95;86;83005
83;113265;27979;106.95;86;83045
83;113327;27966;106.95;86;83085
83;113360;27967;106.95;86;83125
83;113401;27967;106.95;86;83165
83;112921;27886;106.95;86;83205
83;111709;27800;74.81;86;83245
83;111533;27826;74.81;86;83286
83;111862;27859;74.81;86;83326
83;112044;27878;74.81;86;83366
83;112179;27890;74.81;86;83406
83;112478;27902;74.81;86;83446
83;112594;27893;74.81;86;83486
83;112684;27918;74.81;86;83526
83;112833;27952;74.81;86;83566
83;112984;27961;74.81;86;83606
83;113118;27983;74.81;86;83647
83;113224;27984;74.81;86;83687
83;113291;27995;74.81;86;83727
83;113309;27994;74.81;86;83767
83;113389;27981;74.81;86;83807
83;113359;27950;74.81;86;83847
83;112834;27873;74.81;86;83887
83;111840;27831;74.81;86;83927
83;111785;27858;74.81;86;83967
83;112117;27896;78.74;86;84008
84;112337;27914;78.74;86;84048
84;112528;27936;78.74;86;84088
84;112740;27945;78.74;86;84128
84;112872;27931;78.74;86;84168
84;112893;27928;78.74;86;84208
84;113022;27965;78.74;86;84248
84;113166;27991;78.74;86;84288
84;113275;27998;78.74;86;84328
84;113352;28011;78.74;86;84369
84;113431;28016;78.74;86;84409
84;113478;28021;78.74;86;84449
84;113498;28022;78.74;86;84489
84;113512;27983;78.74;86;84529
84;112996;27890;106.76;91;84569
84;112028;27849;106.76;91;84609
84;111887;27879;106.76;91;84649
84;112153;27900;106.76;91;84689
84;112317;27910;106.76;91;84729
84;112455;27935;106.76;91;84770
84;112709;27960;106.76;91;84810
84;112824;27966;106.76;91;84850
84;112887;27947;106.76;91;84890
84;112940;27952;106.76;91;84930
84;113094;27974;106.76;91;84970
84;113211;28000;106.76;91;85010
85;113301;28010;106.76;91;85050
85;113376;28032;106.76;91;85090
85;113455;28038;106.76;91;85131
85;113505;28042;106.76;91;85171
85;113511;28038;106.76;91;85211
85;113224;27946;106.76;91;85251
85;112264;27854;106.76;91;85291
85;111939;27875;78.74;84;85331
85;112195;27912;78.74;84;85371
85;112376;27919;78.74;84;85411
85;112464;27949;78.74;84;85451
85;112699;27964;78.74;84;85492
85;112866;27975;78.74;84;85532
85;112888;27976;78.74;84;85572
85;112919;27944;78.74;84;85612
85;112988;27957;78.74;84;85652
85;113119;27970;78.74;84;85692
85;113225;27999;78.74;84;85732
85;113303;28008;78.74;84;85772
85;113354;28022;78.74;84;85812
85;113410;28018;78.74;84;85853
85;113464;28024;78.74;84;85893
85;113503;28030;78.74;84;85933
85;113366;27959;78.74;84;85973
85;112536;27857;87.98;87;86013
86;111718;27814;87.98;87;86053
86;111823;27864;87.98;87;86093
86;112052;27886;87.98;87;86133
86;112099;27899;87.98;87;86173
86;112300;27927;87.98;87;86214
86;112597;27957;87.98;87;86254
86;112719;27955;87.98;87;86294
86;112758;27941;87.98;87;86334
86;112841;27949;87.98;87;86374
86;112985;27952;87.98;87;86414
86;113111;27976;87.98;87;86454
86;113196;27992;87.98;87;86494
86;113268;28003;87.98;87;86534
86;113325;28009;87.98;87;86575
86;113375;28015;87.98;87;86615
86;113421;28020;87.98;87;86655
86;113446;27993;87.98;87;86695
86;113411;27979;87.98;87;86735
86;112842;27869;87.98;87;86775
86;111831;27827;74.81;86;86815
86;111735;27862;74.81;86;86855
86;112000;27887;74.81;86;86895
86;112131;27894;74.81;86;86936
86;112252;27914;74.81;86;86976
86;112509;27938;74.81;86;87016
87;112611;27909;74.81;86;87056
87;112635;27917;74.81;86;87096
87;112750;27923;74.81;86;87136
87;112865;27946;74.81;86;87176
87;112973;27960;74.81;86;87216
87;113081;27973;74.81;86;87256
87;113161;27983;74.81;86;87297
87;113232;27989;74.81;86;87337
87;113274;27998;74.81;86;87377
87;113296;27970;74.81;86;87417
87;113349;27978;74.81;86;87457
87;113423;27972;74.81;86;87497
87;113135;27909;74.81;86;87537
87;111846;27796;74.81;86;87577
87;111242;27800;74.81;78;87617
87;111436;27816;74.81;78;87658
87;111633;27835;74.81;78;87698
87;111760;27856;74.81;78;87738
87;112035;27866;74.81;78;87778
87;112271;27880;74.81;78;87818
87;112453;27891;74.81;78;87858
87;112593;27926;74.81;78;87898
87;112782;27940;74.81;78;87938
87;112946;27964;74.81;78;87978
88;113078;27962;74.81;78;88019
88;113173;27982;74.81;78;88059
88;113226;27992;74.81;78;88099
88;113260;27952;74.81;78;88139
88;113289;27961;74.81;78;88179
88;113375;27979;74.81;78;88219
88;113420;27983;74.81;78;88259
88;113079;27914;74.81;78;88299
88;112072;27847;74.81;78;88339
88;111747;27856;78.64;78;88380
88;112082;27896;78.64;78;88420
88;112372;27917;78.64;78;88460
88;112589;27913;78.64;78;88500
88;112783;27913;78.64;78;88540
88;112894;27942;78.64;78;88580
88;112955;27962;78.64;78;88620
88;113013;27966;78.64;78;88660
88;113135;27983;78.64;78;88701
88;113244;27996;78.64;78;88741
88;113319;28001;78.64;78;88781
88;113341;27999;78.64;78;88821
88;113406;27991;78.64;78;88861
88;113430;27977;78.64;78;88901
88;113498;28009;78.64;78;88941
88;113561;28028;78.64;78;88981
89;113568;28008;78.64;78;89021
89;113174;27945;78.64;78;89062
89;112372;27886;78.64;78;89102
89;112274;27918;78.64;78;89142
89;112506;27912;78.64;78;89182
89;112686;27929;78.64;78;89222
89;112795;27924;78.64;78;89262
89;112977;27955;78.64;78;89302
89;113062;27970;78.64;78;89342
89;113102;27975;78.64;78;89382
89;113156;27981;78.64;78;89423
89;113240;27992;78.64;78;89463
89;113321;28001;78.64;78;89503
89;113355;27979;78.64;78;89543
89;113405;27974;78.64;78;89583
89;113468;27981;78.64;78;89623
89;113526;28009;78.64;78;89663
89;113566;28009;78.64;78;89703
89;113617;28019;78.64;78;89743
89;113623;28002;78.64;78;89784
89;113196;27931;78.64;78;89824
89;112265;27868;78.64;78;89864
89;112084;27854;78.64;78;89904
89;112309;27871;78.64;78;89944
89;112503;27900;78.64;78;89984
90;112633;27923;78.64;78;90024
90;112827;27938;78.64;78;90064
90;112942;27943;78.64;78;90105
90;112986;27947;78.64;78;90145
90;113050;27959;78.64;78;90185
90;113118;27962;78.64;78;90225
90;113234;27953;78.64;78;90265
90;113292;27952;78.64;78;90305
90;113375;27966;78.64;78;90345
90;113440;27983;78.64;78;90385
90;113477;27984;78.64;78;90425
90;113552;27998;78.64;78;90466
90;113594;27992;78.64;78;90506
90;113431;27957;78.64;78;90546
90;112779;27880;78.64;78;90586
90;112327;27858;26.71;63;90626
90;112512;27873;26.71;63;90666
90;112712;27899;26.71;63;90706
90;112717;27911;26.71;63;90746
90;112905;27929;26.71;63;90786
90;113052;27941;26.71;63;90827
90;113095;27936;26.71;63;90867
90;113148;27960;26.71;63;90907
90;113180;27944;26.71;63;90947
90;113287;27957;26.71;63;90987
91;113354;27940;26.71;63;91027
91;113426;27962;26.71;63;91067
91;113479;27980;26.71;63;91107
91;113532;27982;26.71;63;91147
91;113582;27988;26.71;63;91188
91;113584;27966;26.71;63;91228
91;113230;27920;26.71;63;91268
91;112491;27838;87.98;66;91308
91;112343;27853;87.98;66;91348
91;112445;27857;87.98;66;91388
91;112665;27888;87.98;66;91428
91;112869;27911;87.98;66;91468
91;113014;27935;87.98;66;91508
91;113078;27937;87.98;66;91549
91;113112;27940;87.98;66;91589
91;113177;27948;87.98;66;91629
91;113234;27932;87.98;66;91669
91;113315;27951;87.98;66;91709
91;113387;27946;87.98;66;91749
91;113460;27958;87.98;66;91789
91;113504;27981;87.98;66;91829
91;113541;27990;87.98;66;91869
91;113545;27976;87.98;66;91910
91;113163;27904;87.98;66;91950
91;112169;27817;87.98;66;91990
92;111803;27804;83.10;68;92030
92;111980;27829;83.10;68;92070
92;112162;27833;83.10;68;92110
92;112294;27869;83.10;68;92150
92;112554;27903;83.10;68;92190
92;112736;27920;83.10;68;92230
92;112840;27924;83.10;68;92271
92;112933;27936;83.10;68;92311
92;113057;27949;83.10;68;92351
92;113132;27923;83.10;68;92391
92;113210;27942;83.10;68;92431
92;113312;27941;83.10;68;92471
92;113397;27961;83.10;68;92511
92;113453;27981;83.10;68;92551
92;113530;27981;83.10;68;92591
92;113402;27949;83.10;68;92632
92;112953;27899;83.10;68;92672
92;112589;27894;83.10;68;92712
92;112686;27885;83.10;68;92752
92;112804;27888;78.74;68;92792
92;112889;27897;78.74;68;92832
92;113041;27925;78.74;68;92872
92;113153;27946;78.74;68;92912
92;113223;27946;78.74;68;92952
92;113254;27949;78.74;68;92993
93;113307;27961;78.74;68;93033
93;113383;27969;78.74;68;93073
93;113400;27949;78.74;68;93113
93;113451;27955;78.74;68;93153
93;113512;27947;78.74;68;93193
93;113565;27972;78.74;68;93233
93;113617;27987;78.74;68;93273
93;113650;27991;78.74;68;93313
93;113447;27941;78.74;68;93354
93;112839;27892;78.74;68;93394
93;112570;27896;78.74;68;93434
93;112720;27893;78.74;68;93474
93;112829;27903;78.74;68;93514
93;112907;27888;78.74;68;93554
93;113055;27918;78.74;68;93594
93;113139;27935;78.74;68;93634
93;113170;27947;78.74;68;93674
93;113205;27954;78.74;68;93715
93;113288;27956;78.74;68;93755
93;113369;27963;78.74;68;93795
93;113387;27940;78.74;68;93835
93;113434;27963;78.74;68;93875
93;113494;27953;78.74;68;93915
93;113566;27964;78.74;68;93955
93;113597;27980;78.74;68;93995
94;113432;27934;78.74;68;94035
94;112774;27872;78.74;68;94076
94;112395;27873;45.32;73;94116
94;112534;27896;45.32;73;94156
94;112633;27868;45.32;73;94196
94;112650;27877;45.32;73;94236
94;112864;27900;45.32;73;94276
94;113017;27917;45.32;73;94316
94;113065;27930;45.32;73;94356
94;113131;27945;45.32;73;94396
94;113209;27945;45.32;73;94437
94;113295;27958;45.32;73;94477
94;113335;27964;45.32;73;94517
94;113397;27938;45.32;73;94557
94;113420;27933;45.32;73;94597
94;113470;27954;45.32;73;94637
94;113524;27968;45.32;73;94677
94;113544;27953;45.32;73;94717
94;113220;27894;45.32;73;94758
94;112454;27846;45.32;73;94798
94;112216;27851;45.32;73;94838
94;112348;27864;78.74;71;94878
94;112430;27848;78.74;71;94918
94;112441;27838;78.74;71;94958
94;112676;27877;78.74;71;94998
95;112836;27904;78.74;71;95038
95;112876;27906;78.74;71;95078
95;112936;27918;78.74;71;95119
95;113025;27924;78.74;71;95159
95;113121;27942;78.74;71;95199
95;113167;27925;78.74;71;95239
95;113239;27934;78.74;71;95279
95;113284;27919;78.74;71;95319
95;113355;27941;78.74;71;95359
95;113419;27965;78.74;71;95399
95;113333;27922;78.74;71;95439
95;112690;27837;78.74;71;95480
95;111861;27797;78.74;71;95520
95;111802;27810;78.74;71;95560
95;111914;27808;78.74;71;95600
95;111944;27815;78.74;71;95640
95;112156;27826;78.74;71;95680
95;112492;27868;78.74;71;95720
95;112680;27893;78.74;71;95760
95;112782;27891;78.74;71;95800
95;112887;27907;78.74;71;95841
95;112990;27920;78.74;71;95881
95;113108;27924;78.74;71;95921
95;113145;27913;78.74;71;95961
95;113220;27919;78.74;71;96001
96;113260;27905;78.74;71;96041
96;113329;27927;78.74;71;96081
96;113391;27944;78.74;71;96121
96;113438;27948;78.74;71;96161
96;113159;27881;78.74;71;96202
96;112342;27807;78.74;71;96242
96;111941;27807;78.74;71;96282
96;112009;27793;41.55;60;96322
96;112121;27820;41.55;60;96362
96;112174;27805;41.55;60;96402
96;112415;27855;41.55;60;96442
96;112630;27881;41.55;60;96482
96;112716;27882;41.55;60;96522
96;112738;27894;41.55;60;96563
96;112828;27901;41.55;60;96603
96;112926;27910;41.55;60;96643
96;113001;27888;41.55;60;96683
96;113077;27897;41.55;60;96723
96;113184;27905;41.55;60;96763
96;113266;27926;41.55;60;96803
96;113328;27944;41.55;60;96843
96;113391;27939;41.55;60;96883
96;113152;27881;41.55;60;96924
96;112278;27800;41.55;60;96964
96;111849;27800;41.55;60;97004
97;112002;27796;83.10;61;97044
97;112180;27801;83.10;61;97084
97;112306;27839;83.10;61;97124
97;112566;27871;83.10;61;97164
97;112747;27889;83.10;61;97204
97;112811;27893;83.10;61;97245
97;112875;27905;83.10;61;97285
97;112978;27912;83.10;61;97325
97;113048;27908;83.10;61;97365
97;113157;27913;83.10;61;97405
97;113207;27906;83.10;61;97445
97;113292;27925;83.10;61;97485
97;113357;27946;83.10;61;97525
97;113339;27921;83.10;61;97565
97;112880;27854;83.10;61;97606
97;112094;27807;83.10;61;97646
97;112045;27829;93.46;73;97686
97;112294;27833;93.46;73;97726
97;112499;27849;93.46;73;97766
97;112747;27862;93.46;73;97806
97;112885;27890;93.46;73;97846
97;112928;27897;93.46;73;97886
97;112988;27914;93.46;73;97926
97;113083;27920;93.46;73;97967
97;113181;27931;93.46;73;98007
98;113234;27936;93.46;73;98047
98;113286;27911;93.46;73;98087
98;113300;27918;93.46;73;98127
98;113380;27928;93.46;73;98167
98;113437;27940;93.46;73;98207
98;113318;27909;106.95;80;98247
98;112528;27820;106.95;80;98288
98;111853;27786;106.95;80;98328
98;111949;27824;106.95;80;98368
98;112135;27831;106.95;80;98408
98;112235;27833;106.95;80;98448
98;112423;27840;106.95;80;98488
98;112686;27865;106.95;80;98528
98;112767;27890;106.95;80;98568
98;112834;27899;106.95;80;98608
98;112930;27902;106.95;80;98649
98;113047;27915;106.95;80;98689
98;113144;27932;106.95;80;98729
98;113177;27906;106.95;80;98769
98;113234;27913;106.95;80;98809
98;113294;27905;106.95;80;98849
98;113368;27920;106.95;80;98889
98;113356;27911;106.95;80;98929
98;112840;27833;106.95;80;98969
98;111893;27769;106.95;80;99010
99;111788;27797;106.95;80;99050
99;112039;27824;71.17;88;99090
99;112146;27807;71.17;88;99130
99;112337;27840;71.17;88;99170
99;112598;27845;71.17;88;99210
99;112707;27865;71.17;88;99250
99;112698;27878;71.17;88;99290
99;112789;27890;71.17;88;99330
99;112926;27913;71.17;88;99371
99;113071;27919;71.17;88;99411
99;113176;27940;71.17;88;99451
99;113230;27915;71.17;88;99491
99;113274;27904;71.17;88;99531
99;113347;27919;71.17;88;99571
99;113428;27928;71.17;88;99611
99;113271;27885;71.17;88;99651
99;112438;27799;71.17;88;99692
99;111837;27782;71.17;88;99732
99;112036;27822;87.98;89;99772
99;112326;27843;87.98;89;99812
99;112523;27840;87.98;89;99852
99;112681;27840;87.98;89;99892
99;112756;27854;87.98;89;99932
99;112742;27865;87.98;89;99972
99;112798;27875;87.98;89;100012
100;112909;27890;87.98;89;100053
100;113008;27899;87.98;89;100093
100;113113;27913;87.98;89;100133
100;113123;27886;87.98;89;100173
100;113195;27896;87.98;89;100213
100;113240;27884;87.98;89;100253
100;113326;27902;87.98;89;100293
100;113192;27871;87.98;89;100333
100;112380;27785;87.98;89;100373
100;111767;27760;87.98;89;100414
100;111905;27799;87.98;87;100454
100;112246;27823;87.98;87;100494
100;112475;27833;87.98;87;100534
100;112661;27844;87.98;87;100574
100;112781;27839;87.98;87;100614
100;112809;27850;87.98;87;100654
100;112857;27877;87.98;87;100694
100;112955;27887;87.98;87;100734
100;113073;27900;87.98;87;100775
100;113162;27908;87.98;87;100815
100;113224;27918;87.98;87;100855
100;113253;27888;87.98;87;100895
100;113292;27902;87.98;87;100935
100;113374;27906;87.98;87;100975
100;113326;27885;87.98;87;101015
101;112627;27796;87.98;87;101055
101;111747;27758;93.60;84;101095
101;111696;27775;93.60;84;101136
101;111952;27801;93.60;84;101176
101;112105;27824;93.60;84;101216
101;112329;27826;93.60;84;101256
101;112545;27828;93.60;84;101296
101;112661;27845;93.60;84;101336
101;112716;27868;93.60;84;101376
101;112819;27881;93.60;84;101416
101;112946;27893;93.60;84;101457
101;113052;27901;93.60;84;101497
101;113132;27905;93.60;84;101537
101;113155;27887;93.60;84;101577
101;113204;27889;93.60;84;101617
101;113265;27883;93.60;84;101657
101;113331;27908;93.60;84;101697
101;113265;27879;93.60;84;101737
101;112553;27793;93.60;84;101777
101;111653;27749;93.60;84;101818
101;111662;27781;78.64;86;101858
101;111972;27810;78.64;86;101898
101;112100;27789;78.64;86;101938
101;112230;27805;78.64;86;101978
101;112486;27826;78.64;86;102018
102;112603;27842;78.64;86;102058
102;112660;27859;78.64;86;102098
102;112756;27873;78.64;86;102138
102;112853;27875;78.64;86;102179
102;112957;27888;78.64;86;102219
102;113009;27891;78.64;86;102259
102;113079;27867;78.64;86;102299
102;113078;27861;78.64;86;102339
102;113145;27883;78.64;86;102379
102;113209;27908;78.64;86;102419
102;113174;27871;78.64;86;102459
102;112432;27763;78.64;86;102500
102;111388;27719;78.64;86;102540
102;111373;27742;83.10;85;102580
102;111595;27752;83.10;85;102620
102;111785;27769;83.10;85;102660
102;111976;27773;83.10;85;102700
102;112218;27802;83.10;85;102740
102;112260;27823;83.10;85;102780
102;112349;27833;83.10;85;102820
102;112471;27838;83.10;85;102861
102;112601;27856;83.10;85;102901
102;112735;27858;83.10;85;102941
102;112832;27844;83.10;85;102981
103;112913;27846;83.10;85;103021
103;113033;27871;83.10;85;103061
103;113122;27898;83.10;85;103101
103;113203;27903;83.10;85;103141
103;113224;27897;83.10;85;103182
103;112766;27799;83.10;85;103222
103;111852;27758;83.10;85;103262
103;111772;27761;83.10;85;103302
103;112158;27807;78.74;83;103342
103;112457;27816;78.74;83;103382
103;112668;27850;78.74;83;103422
103;112804;27868;78.74;83;103462
103;112855;27879;78.74;83;103502
103;112909;27873;78.74;83;103543
103;112983;27887;78.74;83;103583
103;113059;27893;78.74;83;103623
103;113145;27880;78.74;83;103663
103;113199;27873;78.74;83;103703
103;113299;27902;78.74;83;103743
103;113365;27913;78.74;83;103783
103;113403;27917;78.74;83;103823
103;113439;27932;78.74;83;103864
103;113309;27883;78.74;83;103904
103;112752;27833;78.74;83;103944
103;112163;27802;78.74;83;103984
104;112295;27816;78.74;83;104024
104;112557;27830;78.74;83;104064
104;112758;27870;78.74;83;104104
104;112917;27888;78.74;83;104144
104;112961;27890;78.74;83;104184
104;112963;27895;78.74;83;104225
104;113012;27900;78.74;83;104265
104;113112;27920;78.74;83;104305
104;113174;27897;78.74;83;104345
104;113241;27913;78.74;83;104385
104;113285;27902;78.74;83;104425
104;113352;27915;78.74;83;104465
104;113404;27944;78.74;83;104505
104;113448;27938;78.74;83;104545
104;113195;27888;78.74;83;104586
104;112393;27819;78.74;83;104626
104;112029;27820;78.74;83;104666
104;112193;27824;78.74;83;104706
104;112439;27847;78.74;83;104746
104;112603;27842;78.74;83;104786
104;112775;27878;78.74;83;104826
104;112878;27897;78.74;83;104866
104;112922;27904;78.74;83;104906
104;112970;27908;78.74;83;104947
104;113065;27921;78.74;83;104987
105;113145;27924;78.74;83;105027
105;113188;27905;78.74;83;105067
105;113245;27922;78.74;83;105107
105;113335;27923;78.74;83;105147
105;113390;27936;78.74;83;105187
105;113420;27939;78.74;83;105227
105;113326;27911;78.74;83;105267
105;112613;27828;78.74;83;105308
105;112005;27808;29.91;67;105348
105;112105;27836;29.91;67;105388
105;112354;27828;29.91;67;105428
105;112426;27830;29.91;67;105468
105;112606;27857;29.91;67;105508
105;112734;27883;29.91;67;105548
105;112793;27896;29.91;67;105588
105;112850;27892;29.91;67;105629
105;112963;27906;29.91;67;105669
105;113069;27917;29.91;67;105709
105;113109;27895;29.91;67;105749
105;113151;27909;29.91;67;105789
105;113200;27887;29.91;67;105829
105;113268;27908;29.91;67;105869
105;113305;27932;29.91;67;105909
105;113317;27907;29.91;67;105949
105;112643;27796;29.91;67;105990
106;111450;27726;29.91;67;106030
106;111282;27741;29.91;67;106070
106;111498;27736;78.74;67;106110
106;111670;27757;78.74;67;106150
106;111920;27790;78.74;67;106190
106;112177;27826;78.74;67;106230
106;112266;27837;78.74;67;106270
106;112316;27855;78.74;67;106310
106;112536;27886;78.74;67;106351
106;112788;27902;78.74;67;106391
106;112949;27915;78.74;67;106431
106;113080;27897;78.74;67;106471
106;113125;27887;78.74;67;106511
106;113222;27910;78.74;67;106551
106;113312;27937;78.74;67;106591
106;113374;27945;78.74;67;106631
106;113427;27947;78.74;67;106672
106;113166;27876;78.74;67;106712
106;112139;27783;78.74;67;106752
106;111586;27748;78.74;67;106792
106;111775;27776;83.10;67;106832
106;112126;27806;83.10;67;106872
106;112413;27857;83.10;67;106912
106;112614;27874;83.10;67;106952
106;112705;27885;83.10;67;106992
107;112730;27887;83.10;67;107033
107;112808;27895;83.10;67;107073
107;112905;27907;83.10;67;107113
107;113020;27892;83.10;67;107153
107;113082;27884;83.10;67;107193
107;113186;27916;83.10;67;107233
107;113253;27935;83.10;67;107273
107;113316;27942;83.10;67;107313
107;113353;27955;83.10;67;107354
107;113420;27954;83.10;67;107394
107;113403;27925;99.67;72;107434
107;112830;27814;99.67;72;107474
107;111895;27766;99.67;72;107514
107;111719;27762;99.67;72;107554
107;112010;27805;99.67;72;107594
107;112295;27849;99.67;72;107634
107;112552;27858;99.67;72;107674
107;112669;27870;99.67;72;107715
107;112730;27875;99.67;72;107755
107;112795;27889;99.67;72;107795
107;112863;27863;99.67;72;107835
107;112949;27880;99.67;72;107875
107;113070;27864;99.67;72;107915
107;113160;27898;99.67;72;107955
107;113205;27906;99.67;72;107995
108;113246;27914;99.67;72;108035
108;113284;27921;99.67;72;108076
108;113338;27933;99.67;72;108116
108;113375;27932;99.67;72;108156
108;113157;27848;99.67;72;108196
108;112141;27736;74.81;83;108236
108;111429;27715;74.81;83;108276
108;111554;27742;74.81;83;108316
108;111709;27743;74.81;83;108356
108;111638;27760;74.81;83;108396
108;111863;27791;74.81;83;108437
108;112152;27817;74.81;83;108477
108;112231;27818;74.81;83;108517
108;112328;27797;74.81;83;108557
108;112399;27807;74.81;83;108597
108;112635;27848;74.81;83;108637
108;112872;27873;74.81;83;108677
108;112981;27885;74.81;83;108717
108;113076;27895;74.81;83;108758
108;113141;27912;74.81;83;108798
108;113196;27911;74.81;83;108838
108;113225;27907;74.81;83;108878
108;113197;27856;74.81;83;108918
108;112326;27728;74.81;83;108958
108;111446;27705;74.81;83;108998
109;111511;27750;74.81;83;109038
109;111835;27777;74.81;83;109078
109;112001;27798;68.03;81;109119
109;112217;27828;68.03;81;109159
109;112428;27850;68.03;81;109199
109;112475;27821;68.03;81;109239
109;112524;27838;68.03;81;109279
109;112682;27842;68.03;81;109319
109;112855;27866;68.03;81;109359
109;112969;27893;68.03;81;109399
109;113050;27892;68.03;81;109439
109;113112;27908;68.03;81;109480
109;113178;27913;68.03;81;109520
109;113225;27915;68.03;81;109560
109;113223;27878;68.03;81;109600
109;112597;27763;68.03;81;109640
109;111528;27705;68.03;81;109680
109;111420;27740;99.67;85;109720
109;111725;27773;99.67;85;109760
109;111925;27794;99.67;85;109801
109;112146;27823;99.67;85;109841
109;112380;27850;99.67;85;109881
109;112447;27822;99.67;85;109921
109;112494;27831;99.67;85;109961
109;112614;27838;99.67;85;110001
110;112791;27867;99.67;85;110041
110;112921;27885;99.67;85;110081
110;113021;27897;99.67;85;110121
110;113081;27895;99.67;85;110162
110;113130;27908;99.67;85;110202
110;113176;27913;99.67;85;110242
110;113186;27876;99.67;85;110282
110;112797;27770;99.67;85;110322
110;111483;27667;99.67;85;110362
110;110986;27678;87.98;82;110402
110;111131;27702;87.98;82;110442
110;111299;27724;87.98;82;110483
110;111396;27738;87.98;82;110523
110;111674;27774;87.98;82;110563
110;111843;27769;87.98;82;110603
110;111902;27768;87.98;82;110643
110;111946;27757;87.98;82;110683
110;112110;27799;87.98;82;110723
110;112329;27834;87.98;82;110763
110;112534;27844;87.98;82;110803
110;112684;27852;87.98;82;110844
110;112780;27863;87.98;82;110884
110;112850;27869;87.98;82;110924
110;112880;27851;87.98;82;110964
110;112948;27865;87.98;82;111004
111;112997;27827;87.98;82;111044
111;112304;27719;87.98;82;111084
111;110986;27651;87.98;82;111124
111;110794;27666;87.98;82;111164
111;110939;27670;87.98;82;111205
111;110928;27669;71.17;81;111245
111;110959;27682;71.17;81;111285
111;111165;27680;71.17;81;111325
111;111292;27681;71.17;81;111365
111;111315;27693;71.17;81;111405
111;111399;27723;71.17;81;111445
111;111598;27747;71.17;81;111485
111;111839;27779;71.17;81;111526
111;112069;27797;71.17;81;111566
111;112262;27812;71.17;81;111606
111;112378;27821;71.17;81;111646
111;112527;27815;71.17;81;111686
111;112601;27805;71.17;81;111726
111;112703;27834;71.17;81;111766
111;112808;27853;71.17;81;111806
111;112868;27849;71.17;81;111846
111;112422;27730;71.17;81;111887
111;110810;27612;71.17;81;111927
111;110355;27595;71.17;81;111967
111;110386;27580;78.74;83;112007
112;110494;27597;78.74;83;112047
112;110557;27597;78.74;83;112087
112;110785;27643;78.74;83;112127
112;111023;27666;78.74;83;112167
112;111125;27686;78.74;83;112207
112;111224;27700;78.74;83;112248
112;111447;27737;78.74;83;112288
112;111738;27762;78.74;83;112328
112;111985;27752;78.74;83;112368
112;112174;27766;78.74;83;112408
112;112334;27785;78.74;83;112448
112;112480;27812;78.74;83;112488
112;112588;27820;78.74;83;112528
112;112671;27829;78.74;83;112569
112;112742;27838;78.74;83;112609
112;112825;27840;78.74;83;112649
112;112775;27803;78.74;83;112689
112;111876;27648;78.74;83;112729
112;110553;27567;78.74;78;112769
112;110462;27598;78.74;78;112809
112;110632;27626;78.74;78;112849
112;110663;27628;78.74;78;112889
112;110755;27659;78.74;78;112930
112;111009;27676;78.74;78;112970
112;111172;27694;78.74;78;113010
113;111229;27677;78.74;78;113050
113;111366;27704;78.74;78;113090
113;111587;27717;78.74;78;113130
113;111895;27756;78.74;78;113170
113;112155;27790;78.74;78;113210
113;112343;27810;78.74;78;113250
113;112480;27818;78.74;78;113291
113;112571;27823;78.74;78;113331
113;112634;27830;78.74;78;113371
113;112685;27812;78.74;78;113411
113;112760;27827;78.74;78;113451
113;112854;27813;78.74;78;113491
113;112519;27731;78.74;78;113531
113;111095;27623;78.74;78;113571
113;110581;27618;78.74;78;113611
113;110779;27651;78.74;78;113652
113;111010;27667;78.74;78;113692
113;111152;27690;78.74;78;113732
113;111421;27703;78.74;78;113772
113;111642;27710;78.74;78;113812
113;111749;27732;78.74;78;113852
113;111844;27749;78.74;78;113892
113;112020;27769;78.74;78;113932
113;112230;27796;78.74;78;113972
113;112391;27809;78.74;78;114013
114;112507;27819;78.74;78;114053
114;112550;27815;78.74;78;114093
114;112626;27797;78.74;78;114133
114;112669;27789;78.74;78;114173
114;112766;27811;78.74;78;114213
114;112861;27832;78.74;78;114253
114;112782;27784;39.37;66;114293
114;111738;27645;39.37;66;114334
114;110671;27598;39.37;66;114374
114;110686;27622;39.37;66;114414
114;110871;27614;39.37;66;114454
114;111008;27638;39.37;66;114494
114;111185;27651;39.37;66;114534
114;111355;27673;39.37;66;114574
114;111390;27689;39.37;66;114614
114;111381;27696;39.37;66;114654
114;111511;27711;39.37;66;114695
114;111717;27736;39.37;66;114735
114;111887;27751;39.37;66;114775
114;112054;27736;39.37;66;114815
114;112200;27745;39.37;66;114855
114;112358;27753;39.37;66;114895
114;112498;27788;39.37;66;114935
114;112626;27794;39.37;66;114975
114;112625;27772;39.37;66;115015
115;111714;27640;39.37;66;115056
115;110567;27585;39.37;66;115096
115;110503;27607;39.37;66;115136
115;110740;27594;39.37;66;115176
115;110774;27594;39.37;66;115216
115;110969;27637;39.37;66;115256
115;111235;27676;39.37;66;115296
115;111296;27671;39.37;66;115336
115;111309;27686;39.37;66;115377
115;111409;27707;39.37;66;115417
115;111638;27729;39.37;66;115457
115;111857;27739;39.37;66;115497
115;112072;27756;39.37;66;115537
115;112196;27736;39.37;66;115577
115;112329;27769;39.37;66;115617
115;112427;27790;39.37;66;115657
115;112554;27799;39.37;66;115697
115;112643;27813;39.37;66;115738
115;112362;27710;39.37;66;115778
115;110756;27564;39.37;66;115818
115;110047;27521;39.37;66;115858
115;110051;27525;37.38;58;115898
115;110138;27523;37.38;58;115938
115;110190;27548;37.38;58;115978
115;110374;27593;37.38;58;116018
116;110688;27619;37.38;58;116058
116;110759;27617;37.38;58;116099
116;110777;27630;37.38;58;116139
116;110894;27651;37.38;58;116179
116;111127;27645;37.38;58;116219
116;111325;27660;37.38;58;116259
116;111592;27703;37.38;58;116299
116;111803;27735;37.38;58;116339
116;111963;27734;37.38;58;116379
116;112063;27751;37.38;58;116420
116;112166;27759;37.38;58;116460
116;112300;27777;37.38;58;116500
116;112355;27747;37.38;58;116540
116;111770;27615;37.38;58;116580
116;110218;27496;37.38;58;116620
116;109941;27512;37.38;58;116660
116;110005;27527;37.38;58;116700
116;109984;27520;37.38;58;116740
116;109950;27527;37.38;58;116781
116;110146;27553;37.38;58;116821
116;110259;27562;37.38;58;116861
116;110251;27530;37.38;58;116901
116;110303;27545;37.38;58;116941
116;110426;27553;37.38;58;116981
117;110582;27591;37.38;58;117021
117;110861;27632;37.38;58;117061
117;111171;27674;37.38;58;117101
117;111419;27686;37.38;58;117142
117;111609;27705;37.38;58;117182
117;111748;27723;37.38;58;117222
117;111915;27707;37.38;58;117262
117;112034;27706;37.38;58;117302
117;112170;27721;37.38;58;117342
117;111527;27594;37.38;58;117382
117;109993;27488;37.38;58;117422
117;109700;27487;37.38;58;117463
117;109773;27500;37.38;58;117503
117;109870;27515;37.38;58;117543
117;109926;27497;37.38;58;117583
117;110169;27543;37.38;58;117623
117;110398;27535;37.38;58;117663
117;110514;27563;37.38;58;117703
117;110554;27597;37.38;58;117743
117;110832;27631;37.38;58;117783
117;111169;27661;37.38;58;117824
117;111416;27690;37.38;58;117864
117;111640;27704;37.38;58;117904
117;111770;27687;37.38;58;117944
117;111863;27692;37.38;58;117984
118;112005;27709;37.38;58;118024
118;112155;27735;37.38;58;118064
118;112261;27738;37.38;58;118104
118;111829;27635;37.38;58;118144
118;110377;27521;37.38;58;118185
118;109986;27514;25.78;44;118225
118;110102;27537;25.78;44;118265
118;110321;27533;25.78;44;118305
118;110423;27548;25.78;44;118345
118;110692;27596;25.78;44;118385
118;110818;27612;25.78;44;118425
118;110822;27619;25.78;44;118465
118;110945;27646;25.78;44;118506
118;111247;27683;25.78;44;118546
118;111547;27714;25.78;44;118586
118;111790;27713;25.78;44;118626
118;111989;27731;25.78;44;118666
118;112107;27725;25.78;44;118706
118;112225;27746;25.78;44;118746
118;112336;27771;25.78;44;118786
118;112422;27780;25.78;44;118826
118;112408;27741;25.78;44;118867
118;111461;27596;87.98;47;118907
118;110155;27539;87.98;47;118947
118;110043;27524;87.98;47;118987
119;110213;27540;87.98;47;119027
119;110283;27541;87.98;47;119067
119;110396;27582;87.98;47;119107
119;110607;27604;87.98;47;119147
119;110701;27615;87.98;47;119187
119;110726;27617;87.98;47;119228
119;110827;27640;87.98;47;119268
119;111027;27657;87.98;47;119308
119;111346;27679;87.98;47;119348
119;111558;27676;87.98;47;119388
119;111776;27712;87.98;47;119428
119;111932;27738;87.98;47;119468
119;112054;27749;87.98;47;119508
119;112145;27762;87.98;47;119549
119;112265;27761;87.98;47;119589
119;112326;27762;87.98;47;119629
119;111890;27626;87.98;47;119669
119;110317;27494;87.98;47;119709
119;109853;27491;87.98;47;119749
119;109945;27528;87.98;47;119789
119;110040;27525;87.98;47;119829
119;110055;27549;87.98;47;119870
119;110303;27585;87.98;47;119910
119;110607;27606;87.98;47;119950
119;110638;27613;87.98;47;119990
120;110681;27599;87.98;47;120030
120;110806;27617;87.98;47;120070
120;111069;27655;87.98;47;120110
120;111374;27702;87.98;47;120150
120;111616;27712;87.98;47;120190
120;111769;27730;87.98;47;120231
120;111902;27736;87.98;47;120271
120;111999;27752;87.98;47;120311
120;112028;27739;87.98;47;120351
120;112132;27743;87.98;47;120391
120;112223;27742;87.98;47;120431
120;112257;27724;87.98;47;120471
120;111366;27586;87.98;47;120511
120;109985;27517;87.98;47;120551
120;109762;27511;87.98;47;120592
120;109836;27521;87.98;47;120632
120;109884;27522;87.98;47;120672
120;109869;27516;87.98;47;120712
120;110056;27540;87.98;47;120752
120;110254;27538;87.98;47;120792
120;110314;27564;87.98;47;120832
120;110392;27588;87.98;47;120872
120;110619;27629;87.98;47;120912
120;110991;27664;87.98;47;120953
120;111333;27690;87.98;47;120993
121;111534;27705;87.98;47;121033
121;111726;27691;87.98;47;121073
121;111834;27692;87.98;47;121113
121;111949;27715;87.98;47;121153
121;112069;27746;87.98;47;121193
121;112163;27748;87.98;47;121233
121;112208;27735;87.98;47;121274
121;111440;27577;87.98;47;121314
121;109943;27498;87.98;47;121354
121;109684;27472;87.98;47;121394
121;109796;27494;87.98;47;121434
121;109935;27483;87.98;47;121474
121;110034;27521;87.98;47;121514
121;110236;27542;87.98;47;121554
121;110326;27559;87.98;47;121594
121;110315;27550;87.98;47;121635
121;110398;27586;87.98;47;121675
121;110615;27613;87.98;47;121715
121;110867;27608;87.98;47;121755
121;111011;27614;87.98;47;121795
121;111020;27619;87.98;47;121835
121;111082;27648;87.98;47;121875
121;111312;27672;87.98;47;121915
121;111595;27703;87.98;47;121955
121;111733;27683;87.98;47;121996
122;110673;27524;87.98;47;122036
122;109621;27476;87.98;47;122076
122;109611;27477;87.98;47;122116
122;109817;27494;87.98;47;122156
122;109983;27522;87.98;47;122196
122;110180;27571;87.98;47;122236
122;110430;27588;87.98;47;122276
122;110515;27595;87.98;47;122317
